dist,double,exacta,exacta_dividends,exacta_results,first_4,first_4_dividends,first_4_results,place,quaddle,qulnella,qulnella_dividends,qulnella_results,race_name,rank_1_P,rank_1_W,rank_1_name,rank_1_num,rank_1_rider,rank_2_P,rank_2_W,rank_2_name,rank_2_num,rank_2_rider,rank_3_P,rank_3_W,rank_3_name,rank_3_num,rank_3_rider,sno,start,trifecta,trifecta_dividends,trifecta_results,win
0,15:07,2138,OHOKA PUNTER @ EGMONT PARK STUD PACE NO NR PACE,6,ANYCHANCE,DARREN WEEKS,2.70,1.60,4,OUR MAJOR DAY,PETE MCMULLEN,-,2.80,9,SLICE OF HEAVEN (NZ),CHRIS GEARY,-,2.50,5,THE BUS,KYLIE RASMUSSEN,-,-,10.9K,"4,002","2,567","1,489","6,164","3,655",198,"1,304",4-6,11.70,6-4,26.10,6-4-9,54.70,6-4-9-5,308.50
1,15:33,2138,GARRARDS HORSE & HOUND BAND 5 PACE BAND 5 PACE,9,SUBTLE DELIGHT,JUSTIN ELKINS,3.10,1.60,2,SEA HAWKE,GRANT DIXON,-,2.10,6,HES OKEY DOKEY (NZ),ISOBEL ROSS,-,2.40,3,NEWPORT DREAMZ,REECE MAGUIRE,-,-,"9,932","3,203","2,150","1,255","5,790","3,521",134,-,2-9,17.40,9-2,24.20,9-2-6,122.40,9-2-6-3,779.40
2,16:07,2138,MR FEELGOOD @ EGMONT PARK STUD BAND 5 PACE BAND 5 PACE,1,MIDNIGHT MAN,NARISSA MCMULLEN,1.50,1.04,8,HES NOVAK (NZ),LOLA WEIDEMANN,-,3.20,7,PARISIAN ROCKSTAR,REECE MAGUIRE,-,20.20,6,JUMPING JOLT,JUSTIN ELKINS,-,-,"6,631","6,202","2,086","1,432","8,023","6,546",262,-,1-8,4.40,1-8,7.00,1-8-7,130.20,1-8-7-6,598.10
3,16:35,1660,PRYDE'S EASIFEED QUALIFYING PACE NO NR PACE,9,SAM IS PERFECTION,BRENDAN BARNES,5.40,2.40,1,THE CRUISE MISSILE (NZ),NARISSA MCMULLEN,-,1.20,10,JOHNNY WHITE (NZ),LACHIE MANZELMANN,-,2.00,5,MAJOR GENERALJUJON,GRANT DIXON,-,-,"8,348","3,710","2,184","1,287","5,638","3,606",140,-,1-9,10.30,9-1,24.70,9-1-10,68.20,9-1-10-5,912.50
4,17:07,1660,SKY RACING QUALIFYING PACE NO NR PACE,6,LETTUCEFIRESTAR,DANNY GATT-BOUQUET,7.20,2.50,1,OASIS DREAM (NZ),MADI DUX,-,3.30,5,THE DOORMAN (NZ),NARISSA MCMULLEN,-,1.90,8,COOL SCOOTER (NZ),KELLI DAWSON,-,-,"7,625","4,478","1,849","1,032","5,753","3,198",110,"2,926",1-6,39.60,6-1,114.50,6-1-5,524.00,6-1-5-8,3644.20
5,17:37,1660,BADCOCK GROUP OF COMPANIES MARES PACE NR 70 TO 90 PACE,2,CHERRYS THE BEST,TRISTA DIXON,7.10,1.30,9,JUST ROKIN,NATHAN DAWSON,-,2.60,3,DEMETER (NZ),REECE MAGUIRE,-,3.10,6,PELOSI,JOHN CREMIN,-,-,"7,803","3,162","1,416","1,331","6,496","5,545",158,-,2-9,82.50,2-9,105.90,2-9-3,631.70,2-9-3-6,2559.70
6,18:08,1660,AQWA CONSTRUCTIONS QUALIFYING B PACE NO NR PACE,3,SHAZAM SHANNON,LOLA WEIDEMANN,18.30,4.20,4,LIVE ATOM,MATT ELKINS,-,1.80,9,SHERIFF JUJON,GRANT DIXON,-,1.90,1,JOVIAL JULIE,TRISTA DIXON,-,-,"9,219","4,530","2,214","1,058","6,778","3,020",201,-,3-4,46.80,3-4,97.50,3-4-9,696.00,3-4-9-1,2039.90
7,18:37,1660,TAB PERSEVERENCE PACE 3UP NR 50 TO 60 PACE,6,JILLIBY GIZMO,TRENT MOFFAT,8.40,2.70,9,ROLLONX,CHRIS GEARY,-,3.60,8,IDEAL TIGER (NZ),CLINT SNEDDON,-,2.20,3,WHERES TASCOTT,TALEAH MCMULLEN,-,-,10.1K,"4,767","2,590","1,727","7,220","2,861",257,-,6-9,61.30,6-9,80.20,6-9-8,604.00,"6-9-8-3
                                            Partial C/O","4435.50
                                            (1253.78)"
8,19:10,2138,REMEMBERING 'PENNY THE PUSSYCAT' OPEN PACE NO NR PACE,7,MAJOR CAM,KYLIE RASMUSSEN,1.40,1.30,1,CASINO TOMMY,NATHAN DAWSON,-,1.40,6,DARK ENERGY (NZ),GRANT DIXON,-,-,2,CLINTAL DO,LOLA WEIDEMANN,-,-,"4,550","2,221","1,429","1,489","4,493",10.8K,182,-,1-7,2.00,7-1,2.80,7-1-6,9.10,7-1-6-2,23.40
9,19:45,2138,CHANGEOVER @ BURWOOD STUD MARES QUALIFYING PACE NO NR PACE,6,MISS MONEYBAGS,GRANT DIXON,2.90,1.30,7,OUR DELIGHT,PETE MCMULLEN,-,2.30,2,KOTARE ELITE (NZ),ISOBEL ROSS,-,2.00,1,LETHAL STAR (NZ),TALEAH MCMULLEN,-,-,"6,331","2,689","1,688",868,"4,450","2,322",-,-,6-7,11.60,6-7,17.40,6-7-2,83.10,6-7-2-1,210.70
0,11:48,1200,MUMM CHAMPAGNE MAIDEN 3UP SW MDN,12,LA VINA,BRAD PARNHAM,3.80,1.50,10,JAGUAR GREY,SHAUN O'DONNELL,-,1.04,1,MIMS WIN,JASON WHITING,-,1.80,7,APACHE RABBIT,LUCY WARWICK,-,-,40.7K,13.9K,"7,060","2,863",21.8K,14.7K,"1,615",-,10-12,4.40,12-10,9.50,12-10-1,30.20,12-10-1-7,336.20
1,12:24,2200,BUDGET CAR & TRUCK RENTAL HANDICAP 3UP 78+ HCP,2,RED ARMY,WILLIAM PIKE,1.70,1.20,7,SWIFT PLATINUM,BEAUX BANOVIC-EDWARDS (A3.0),-,11.30,1,WESTERN TEMPLE,CHRIS GRAHAM (A3.0),-,-,3,SUPERIOR SMILE,JOSEPH AZZOPARDI,-,-,24.3K,"7,058","5,261","2,989",13.8K,16.3K,"1,051",-,2-7,33.10,2-7,49.60,2-7-1,212.70,2-7-1-3,561.80
2,13:04,1500,HAPPY 30TH BIRTHDAY TIARNNA ROBERTSON HANDICAP 3Y 62+ HCP,1,KELVIN,CHRIS GRAHAM (A3.0),5.60,2.30,6,DEPUTANO,BRAD PARNHAM,-,3.90,2,LAST OF THE LINE,RYAN HILL,-,-,3,DIVIDE THE SEA,CHRIS PARNHAM,-,-,29.9K,"8,710","5,526","3,671",17.8K,17K,"1,028",26.6K,1-6,26.10,1-6,36.80,1-6-2,52.30,1-6-2-3,214.00
3,13:44,1000,TABTOUCH WESTSPEED PLATINUM HANDICAP 3UP 0MW 57+ HCP,4,ROUND THE POINT,SHAUN MCGRUDDY,9.60,3.00,8,DEW WEST,WILLIAM PIKE,-,2.60,10,WAKAN TANKA,STEVEN PARNHAM,-,2.00,7,BEAT THE BELL,EMMA STENT,-,-,22.1K,12.2K,"5,449","1,868",13.4K,"8,096","1,006",-,4-8,59.90,4-8,135.90,4-8-10,540.30,4-8-10-7,11103.90
4,14:24,1000,SEACORP HANDICAP 3UP 78+ HCP,8,GUNS OF NAVARONE,BRAD PARNHAM,10.70,2.60,5,MERVYN,MITCHELL PATEMAN,-,1.30,9,HOBOKEN,STEVEN PARNHAM,-,3.20,10,MASSIMO,WILLIAM PIKE,-,-,36.7K,22.5K,10.7K,"4,491",28.9K,20.2K,"2,134",-,5-8,20.30,8-5,53.30,8-5-9,407.10,8-5-9-10,728.30
5,15:03,1600,MRS MAC'S HANDICAP 2UP 72+ HCP,11,UTGARD LOKI,LUCY WARWICK,3.40,1.60,5,BRITISH BESSY,ALAN KENNEDY,-,5.50,2,LORENTINIO,CHRIS GRAHAM (A3.0),-,2.00,6,LAUFEY,WILLIAM PIKE,-,-,45.6K,20.9K,10.4K,"3,461",29K,18.3K,"2,036",-,5-11,54.20,11-5,46.90,11-5-2,291.00,11-5-2-6,1771.20
6,15:45,1200,GLENROY CHAFF HANDICAP 3UP 66+ HCP,10,BLACK DUCATI,CHRIS PARNHAM,5.40,2.20,7,LIPSTICK FLICKERS,SHAUN MCGRUDDY,-,2.10,13,SOLID AZZA,JOSEPH AZZOPARDI,-,4.90,5,GATES OF BABYLON,CHRIS GRAHAM (A3.0),-,-,57.4K,29.5K,19.6K,"5,794",45.4K,26.6K,"3,287",274K,7-10,10.70,10-7,23.10,10-7-13,237.10,10-7-13-5,1526.60
7,16:20,3200,WESTERN AUSTRALIA CUP 3UP 89+,1,SPIRITUAL WARRIOR,LUCY WARWICK,2.90,1.20,3,DARK MUSKET,JASON WHITING,-,1.80,7,HE'S A PARKER,CHRIS PARNHAM,-,1.50,11,STAFFORD'S LAD,JARRAD NOSKE,-,-,61.8K,26.4K,14K,"4,837",57.2K,44.7K,"4,465",-,1-3,9.00,1-3,16.90,1-3-7,41.30,1-3-7-11,211.80
8,17:00,1400,AMELIA PARK-WA SIRES' PRODUCE STAKES 2Y GROUP3 SW,5,WATCH ME DANCE,SHAUN MCGRUDDY,1.80,1.04,1,DOM TO SHOOT,PATRICK CARBERY,-,2.10,2,EM TEE AYE,JARRAD NOSKE,-,4.10,9,CHICLETT,JOSEPH AZZOPARDI,-,-,61.1K,27K,14.9K,"6,774",46K,163K,11.4K,-,1-5,5.50,5-1,7.90,5-1-2,73.40,5-1-2-9,398.60
9,17:25,1400,CROWN PERTH HANDICAP 2UP 0MW 60+,13,SHE'S ALIGHT (NZ),PATRICK CARBERY,11.70,3.60,14,SNIPPY MISS,CLINT JOHNSTON-PORTER,-,3.30,11,BABY BLUES,JOSEPH AZZOPARDI,-,2.50,3,SKINNEN TINS,JADE MCNAUGHT (A1.5),-,-,59.8K,27.7K,15.6K,"5,475",54.1K,41.4K,-,-,13-14,69.30,13-14,151.00,13-14-11,1114.00,13-14-11-3,15380.30
0,18:21,2100,"TABTOUCH WESTBRED MARES FEATURE MS PACE (SKY2) NE HWOE $6,000+ PACE SKY2",6,HONG KONG DOLLY,DYLAN EGERTON-GREEN,2.70,1.80,2,SANFORD TILLY,HAYDEN HANCOCK,-,3.80,5,DOTANDNELL,BAILEY MCDONOUGH,-,-,3,BORONIA GULLY,CHRIS LEWIS,-,-,"8,281","3,990","1,098","1,418","3,485","2,604",154,"2,615",2-6,7.60,6-2,8.10,6-2-5,44.40,6-2-5-3,158.50
1,18:58,2100,"TABTOUCH COMMUNITY MS PACE (SKY2) NE HWOE $6,000+ PACE SKY2",1,MY LOVE LETTERS (NZ),CHRIS LEWIS,1.60,1.04,2,HURN,DEAN MILLER,-,1.80,8,ALTA CAMINO,TRENT WHEELER,-,3.00,6,I WORK OUT (NZ),JOSEPH SUVALJKO,-,-,"2,728","2,148","1,075",615,"3,274","2,526",84,-,1-2,3.60,1-2,4.70,1-2-8,37.10,1-2-8-6,248.40
2,19:45,1609,"SKY RACING MS PACE (SKY2) L5$ LT $4,000 PACE SKY2",1,EDMUN DEE,ALDO CORTOPASSI,2.70,1.30,4,OWNTHETHRONE,DONALD HARPER,-,2.20,5,SHEZLIKATERROR,MICHAEL GRANTHAM,-,3.10,6,SHADES OF ELLIE,CHRIS VOAK,-,-,"7,942","2,783","1,978",948,"4,548","4,030",178,-,1-4,15.30,1-4,18.00,1-4-5,125.80,1-4-5-6,461.80
3,20:10,2569,"SOUTHERN CROSS AUSTEREO MS PACE (SKY1) NE HWOE $25,000+ PACE SKY1",7,ALTA RHETT,KAIDEN HAYTER,15.10,3.50,6,ANTERO,SHANNON SUVALJKO,-,1.80,8,OURBOYBART,EMILY SUVALJKO,-,1.50,4,SHEZA SPOILT MISS,DEAN MILLER,-,-,"6,998","3,282","2,215","1,231","6,871","6,708",320,-,6-7,23.20,7-6,54.20,7-6-8,288.20,7-6-8-4,2127.80
4,20:35,2100,"SUNWISE DIGGERS CUP MS PACE (SKY1) HWOE LT $40,000 PACE SKY1",10,HOIHO (NZ),MARK JOHNSON,6.40,1.90,7,WALSH,AIDEN DE CAMPO,-,1.50,9,ANVIL ROLLOVER,DEAN MILLER,-,2.30,8,IT AINT ROYAL,MADELEINE YOUNG,-,-,"9,437","4,500","2,229","1,110","8,039","3,574",233,12.8K,7-10,10.20,10-7,29.00,10-7-9,184.60,"10-7-9-8
                                            Partial C/O","5540.50
                                            (887.23)"
5,21:00,2569,WASBA COUNTRY OAKS 3YO WESTBRED FILLIES MS PACE (SKY) 3Y OPEN PACE SKY1,1,SPORTS PACKAGE,SHANE YOUNG,5.70,1.30,6,BLUE CHIP ADDA,AIDEN DE CAMPO,-,3.40,2,SUING YOU,GARY HALL JNR,-,1.20,10,BLOCKJORG,JOCELYN YOUNG,-,-,"8,470","3,148","2,122","1,618","9,195",11.6K,419,-,1-6,32.30,1-6,84.70,1-6-2,121.60,1-6-2-10,790.50
6,21:25,2503,"TINT CITY - ARCTIC AIR SS PACE (SKY1) HWOE $6,000+ PACE SS SKY1",6,FORGOTTEN HIGHWAY (NZ),MICHAEL GRANTHAM,1.30,1.30,2,ADDA ROCKINHEAVEN,DEAN MILLER,-,2.90,3,PERLEE GATES,SHANNON SUVALJKO,-,-,1,BEIDERBECKE,EMILY SUVALJKO,-,-,"4,814","1,973","1,881","1,116","6,115","5,095",259,-,2-6,5.00,6-2,4.20,6-2-3,17.90,6-2-3-1,36.00
7,21:58,1609,"CITY AND REGIONAL FUELS 2YO MS PACE (SKY1) 2Y NE HWOE $6,000+ PACE SKY1",5,LAVRA JOE,CHRIS LEWIS,2.20,1.50,3,SUGAR STREET (NZ),GARY HALL JNR,-,1.80,4,STAR OF WILLOUGHBY,CHRIS VOAK,-,-,2,PELIGROSO,RYAN BELL,-,-,"4,477","1,110","1,153",858,"3,146","3,085",-,-,3-5,4.30,5-3,6.90,5-3-4,13.30,5-3-4-2,49.20
0,19:07,520,WATCH US ON TABTOUCH APP MDN,5,BURSWOOD BANDIT,J. DAILLY,5.00,3.30,7,BAGO MOSCATO,J. DAILLY,-,3.20,8,ORIENTAL RUNNER,E. CRUDELI,-,-,2,JETT'S CRACKER,B. GUMMOW,-,-,"7,696","2,421","1,402",976,"4,442","2,907",87,"3,901",5-7,27.80,5-7,44.60,5-7-8,224.60,5-7-8-2,1143.90
1,19:30,380,AFRO FREEWAY GOTY 1983 GR5,8,HELLO I'M RONGO,B. MACLEAN,5.40,1.60,5,PROPER CHARLIE,J. IWANYK,-,2.20,4,SKIP THE LINE,B. COOK,-,1.04,3,CHAROS REWARD,J. RIGHETTI,-,-,"7,837","3,640","2,581",992,"5,760","5,001",200,-,5-8,20.30,8-5,31.40,8-5-4,106.90,8-5-4-3,185.70
2,19:53,520,CAPOBIANCA GOTY 1991 NOV,6,VAN BUREN,J. MARSH,4.70,1.80,7,WEST ON AXEL,C. HALSE,-,1.80,3,WESTDALE HAILEE,J. DAILLY,-,1.04,9,MY BLACK WIDOW (4),J. DAILLY,-,-,"6,153","4,273","1,688",865,"6,554","4,156",98,-,6-7,15.30,6-7,24.00,6-7-3,78.10,6-7-3-9,605.50
3,20:15,600,ELEKTRA GOTY 2008 MX 4/5,1,BLUE SUMMER SKY,P. STUART,3.40,1.60,6,BLACK SIGNATURE,C. HALSE,-,1.04,2,GOBLIN MONELLI,D. HOBBY,-,1.60,4,SNALLYGASTER,E. CRUDELI,-,-,"7,431","2,881","1,760",905,"7,324","5,579",154,-,1-6,5.00,1-6,11.20,1-6-2,28.10,1-6-2-4,112.70
4,20:30,520,KEITH HARDING GR5,1,STEVE MONELLI,D. HOBBY,3.10,1.60,3,NEIL'S GIRL,T. ERENSHAW,-,6.40,6,ROLO MONELLI,D. HOBBY,-,2.60,2,WEREWOLF MONELLI,D. HOBBY,-,-,"8,109","5,389","2,095","1,486","7,535","5,602",151,14.4K,1-3,61.60,1-3,70.70,1-3-6,487.50,1-3-6-2,2489.90
5,20:50,520,WA RACING HALL OF FAME 2017 GR5,7,FANTASTIC BRONX,N. CROOK,9.20,2.60,8,SUNSET MILO,D. HOBBY,-,2.00,1,WEST ON TINY,C. HALSE,-,2.50,3,COSMIC GAS,J. MARSH,-,-,"7,495","3,044","2,344",892,"7,689","4,883",219,-,7-8,16.60,7-8,33.40,7-8-1,205.20,7-8-1-3,849.30
6,21:05,520,SEEKING JUSTICE MX 4/5,3,MORE MORE MORE,N. CROOK,6.10,1.80,1,EMPTY CHAMBER,T. ERENSHAW,-,3.20,2,INCREDIBLE HERO,F. FARRELL,-,1.70,8,GO GETTEM BINGO,B. ABERCROMBIE,-,-,"4,963","2,178","1,178",795,"5,783","4,093",142,-,1-3,26.90,3-1,50.30,3-1-2,202.30,3-1-2-8,1251.50
7,21:20,715,CAR PARK KEITH FFA,2,FLAKE MONELLI,D. HOBBY,1.10,1.04,1,GRACE ALI,C. HALSE,-,2.20,8,ROCKSTAR PATRIOT,P. STUART,-,-,6,WEST ON VIOLET,C. HALSE,-,-,"4,500","1,915","1,193",838,"4,062","3,753",111,-,1-2,2.20,2-1,2.90,2-1-8,5.90,2-1-8-6,6.60
8,21:42,380,LIVING IMAGE MDN,2,HASHTAGGED,D. IRWIN,11.80,3.60,3,SIN CITY CASH,J. RIGHETTI,-,4.00,4,SHE'S A WOMAN,B. MCPHERSON,-,-,1,DISASTROUS,B. MACLEAN,-,-,"5,310","1,913","1,634",876,"4,633","4,930",325,-,2-3,91.80,2-3,38.90,2-3-4,164.10,2-3-4-1,741.40
9,22:03,520,BARNEY STINSON MX 4/5,6,STAR BOOK,J. MARSH,1.80,1.30,8,PIXIE MONELLI,D. HOBBY,-,1.80,1,FANTASTIC GIGI,S. KAVANAGH,-,-,7,WESTDALE BANDIT,J. JORMANAINEN-DAVIS,-,-,"4,672","1,885","1,996",628,"5,009","4,634",193,-,6-8,2.70,6-8,5.60,6-8-1,18.40,6-8-1-7,114.10
10,22:18,380,FREEWAY ACE NOV,7,LAKOTA GUNDI,C. BENNETT,7.70,3.40,2,SAUSILITO,J. IWANYK,-,2.10,3,COMPENSATION,M. JULIEN,-,-,8,SUDOKU OPAL,J. RIGHETTI,-,-,"4,203","1,100","1,691",811,"4,638","4,937",351,-,2-7,10.50,7-2,24.30,7-2-3,282.80,7-2-3-8,1061.70
11,22:35,380,WATCH US ON SKY RACING FFA,6,FAB'S EXCISE,J. DAILLY,5.90,3.10,2,FREDDO MONELLI,D. HOBBY,-,2.80,7,DANICA KEEPING,S. WILLIAMS,-,-,8,JOKER POKER,S. WITHERS,-,-,"4,855","2,137","1,761","1,137","6,338","4,889",-,-,2-6,17.00,6-2,29.00,6-2-7,145.80,6-2-7-8,593.20
0,10:15,1400,NEDS SAME RACE MULTI HANDICAP BM78 HCP,6,JUMBO OZAKI,CRAIG WILLIAMS,4.00,1.80,9,SIKORSKY,DAMIEN OLIVER,-,3.20,14,ARCTIC SHOCK (NZ),JESSICA EATON (A2.0),-,4.10,7,WRITE YOUR NAME,TEODORE NUGENT (A2.0),-,-,72.7K,46.1K,40.2K,11.5K,79.2K,47.2K,16.4K,-,6-9,17.00,6-9,31.20,6-9-14,346.90,6-9-14-7,2767.80
1,10:50,1400,BLUE GUM FARM VOBIS GOLD DISTAFF 3UP SW+P F&M,6,CLARICE CLIFFS,JYE MCNEIL,3.50,1.60,4,SOMETHING SILVER,BEN MELHAM,-,3.30,2,PURE SCOT,CRAIG WILLIAMS,-,3.30,8,PART TIME LOVER,JAMIE KAH,-,-,67.7K,34.4K,31K,"9,259",65.7K,46.9K,"8,429",212K,4-6,45.10,6-4,61.30,6-4-2,699.80,6-4-2-8,3557.30
2,11:25,1200,SPENDTHRIFT AUSTRALIA VOBIS GOLD SPRINT 3UP SW+P,8,VAINSTREAM,NOEL CALLOW,11.60,2.90,12,STREET ICON,THOMAS STOCKDALE (A),-,9.10,3,TELEPLAY,MICHAEL DEE,-,3.50,4,ASHLOR,DANIEL STACKHOUSE,-,-,81.1K,49K,38.2K,13.6K,88.9K,57.2K,15.5K,-,8-12,344.90,8-12,620.10,8-12-3,7072.50,8-12-3-4,79218.90
3,12:00,2000,SUREWISE VOBIS GOLD HEATH 3UP SW+P,6,SENTIMENTALIST,DWAYNE DUNN,11.50,2.30,1,MR QUICKIE,DAMIEN OLIVER,-,1.20,7,THINK WE'RE DUE,BEN MELHAM,-,3.30,2,SOPRESSA,MARK ZAHRA,-,-,75.9K,37.8K,31.8K,11.6K,73.8K,55.7K,12.5K,-,1-6,10.30,6-1,32.40,6-1-7,231.40,6-1-7-2,1343.70
4,12:40,1600,IRT VOBIS GOLD MILE 3UP SW+P,3,SO SI BON,MARK ZAHRA,4.20,1.80,9,STREET SHEIK,BILLY EGAN,-,4.60,1,ICONOCLASM,CRAIG WILLIAMS,-,2.00,6,MAMZELLE TESS,BEN THOMPSON,-,-,115K,70.6K,48.3K,13.7K,118K,70.1K,16.3K,-,3-9,32.80,3-9,51.20,3-9-1,232.20,3-9-1-6,1344.50
5,13:20,1200,THE SHOWDOWN 2Y SW,2,KHOEKHOE,FRED W KERSLEY (A),13.90,4.20,10,RIVER NIGHT,JAMIE KAH,-,2.20,3,GALACTIC FURY,BEN ALLEN,-,12.10,12,MISS INBETWEEN,BEN MELHAM,-,-,115K,72.6K,46.8K,13.4K,109K,55.4K,13.7K,1.20M,2-10,38.80,2-10,76.80,2-10-3,2742.60,2-10-3-12,51021.70
6,14:00,1100,NEDS BEL ESPRIT STAKES LISTED HCP,8,WILLIAM THOMAS,MICHAEL DEE,10.60,3.40,10,HUMMA HUMMA,DANIEL STACKHOUSE,-,2.40,15,CORUSCATE,JYE MCNEIL,-,3.10,9,LYRE,MARK ZAHRA,-,-,137K,84.2K,48.3K,13.3K,116K,62K,16.7K,-,8-10,44.40,8-10,94.00,8-10-15,736.00,8-10-15-9,2538.00
7,14:40,1100,AVENEL EQUINE HOSPITAL VOBIS GOLD DASH 3UP SW+P,9,LANKAN STAR,DANIEL STACKHOUSE,19.10,4.60,16,PAUL'S REGRET,BEAU MERTENS,-,3.70,14,FELICIA,DAMIEN OLIVER,-,2.70,10,KNOWLES,CRAIG WILLIAMS,-,-,134K,73.2K,59.3K,16.9K,134K,64.7K,30.8K,-,9-16,100.90,9-16,271.10,9-16-14,3164.70,9-16-14-10,9031.30
8,15:15,1600,THE VOBIS SIRES GUINEAS 3UP SW,14,FLORENT,JAKE NOONAN,47.00,9.40,10,LEALE,BEAU MERTENS,-,7.50,12,AFFAIR TO REMEMBER,DAMIEN OLIVER,-,1.30,11,DON'TTELLTHEBOSS,BRETT PREBBLE,-,-,149K,76.1K,58.3K,18K,138K,87.7K,-,-,10-14,319.20,14-10,841.00,14-10-12,5194.40,14-10-12-11,54280.30
0,09:33,1640,HELP A NEIGHBOUR MAIDEN PLATE MDN-SW,5,CITY SMART,JAKE BAYLISS,2.80,1.20,2,PHOENIX RAIDER,MICHAEL MURPHY,-,3.00,6,MONSTER OF POWER,LARRY CASSIDY,-,1.70,7,VALIDAR,JAMES ORMAN,-,-,15.6K,"9,225","8,989","2,401",17.7K,14.9K,"2,556",-,2-5,16.80,5-2,22.20,5-2-6,85.20,5-2-6-7,483.50
1,10:08,2220,MILLERS SWIM SCHOOL BENCHMARK 90 HANDICAP BM90 HCP,2,BOOM BOOM EPIC,MADELEINE WISHART (A3.0),5.40,2.70,4,POPULIST,COREY BAYLISS (A2.0),-,1.10,6,TACTICAL MANUEVER,ADAM SEWELL,-,-,3,BROCSON,ADIN THOMPSON (A2.0),-,-,19.8K,"4,848","3,953","2,029","7,158","9,502",567,17.6K,2-4,3.30,2-4,8.00,2-4-6,49.20,2-4-6-3,98.40
2,10:43,1350,THANK YOU HEALTHCARE WORKERS QTIS TWO-YEARS-OLD HANDICAP 2Y  HCP,6,STAROSA,BAYLEE NOTHDURFT (A),12.50,3.90,1,TUMBLER RIDGE,JUSTIN HUXTABLE (A2.0),-,1.04,2,BROKEN HERO,BRAD STEWART,-,-,3,MISHANI EPIC,ADIN THOMPSON (A2.0),-,-,15.6K,"4,855","7,147","2,924",12.7K,15.1K,"1,210",-,1-6,9.20,6-1,48.90,6-1-2,44.70,6-1-2-3,125.50
3,11:18,1350,TAB QTIS THREE-YEARS-OLD MAIDEN PLATE 3Y MDN-SW,2,ANGUS THE BLACK,BAYLEE NOTHDURFT (A),1.60,1.04,6,HEARTS DENIED,ADIN THOMPSON (A2.0),-,2.20,7,LEO THE LION,ANDREW SPINKS,-,13.80,3,BARONET,SEAN CORMACK,-,-,21.4K,11.9K,"9,831","5,646",21.8K,18.2K,"1,317",-,2-6,5.20,2-6,4.20,2-6-7,169.90,2-6-7-3,772.80
4,11:53,1640,BERNBOROUGH ASCOT OPEN HANDICAP OPEN HCP,4,SABKHAT,JUSTIN HUXTABLE (A2.0),17.40,3.90,3,MAGNUFIGHTER,COREY BAYLISS (A2.0),-,2.00,2,GET STUCK IN,BAYLEE NOTHDURFT (A),-,-,8,COASTAL PRINCE,TAYLOR MARSHALL,-,-,20.1K,"7,963","7,056","4,474",16.7K,18.9K,"1,495",-,3-4,33.30,4-3,121.90,4-3-2,104.70,4-3-2-8,1675.40
5,12:32,1110,LEXUS CLASS 3 PLATE CL3-SW,14,NIEDORP,BAYLEE NOTHDURFT (A),1.30,1.04,12,GARIBALDI,ANTHONY ALLEN,-,1.80,6,TREVELLO,JUSTIN HUXTABLE (A2.0),-,2.00,2,PERFECT AIM,ADIN THOMPSON (A2.0),-,-,29.2K,16K,15K,"5,276",37K,29K,"1,471",73K,12-14,2.90,14-12,3.50,14-12-6,9.90,14-12-6-2,75.90
6,13:12,1110,ROKU GIN QTIS THREE-YEARS-OLD HANDICAP 3Y HCP,5,BOLD STYLE,MARK DU PLESSIS,7.00,2.70,7,THE MOVE,BAYLEE NOTHDURFT (A),-,1.60,4,GO DEEP,BRAD STEWART,-,-,8,EMMA'S JET,JAMES ORMAN,-,-,30.8K,12.9K,17K,"5,998",22.3K,24.3K,"1,862",-,5-7,7.40,5-7,19.00,5-7-4,139.70,5-7-4-8,899.30
7,13:52,1200,XXXX DRY BENCHMARK 85 HANDICAP BM85 HCP,10,RACECOURSE ROAD,JAMES ORMAN,3.40,1.80,11,STARVIRGO,MARK DU PLESSIS,-,1.50,12,STELLAR POWER,LUKE TARRANT,-,3.30,3,ENTERPRISE PRINCE,BRAD STEWART,-,-,39.1K,14.9K,15.7K,"4,909",24.3K,17.7K,"3,854",-,10-11,8.50,10-11,15.40,10-11-12,95.90,10-11-12-3,361.50
8,14:32,1350,RACECOURSE VILLAGE BENCHMARK 72 HANDICAP BM72 HCP,10,SCATHING,JUSTIN HUXTABLE (A2.0),2.20,1.20,3,LIGHT UP THE ROOM,ALANNAH FANCOURT,-,2.40,11,ERRINGHI SPRING,SEAN CORMACK,-,2.50,8,AMICITIA,ANTHONY ALLEN,-,-,48.2K,22.2K,18.7K,"5,888",36.1K,24.2K,-,-,3-10,12.60,10-3,15.60,10-3-11,113.90,10-3-11-8,560.30
0,16:22,1800,TAB PACE (SKY 2) NR 60 TO 73 PACE SKY 2,4,REGAL SCRIBE,MARK BILLINGER,7.40,2.40,5,DONT TELL WILLIAM,LISA RYAN,-,2.00,8,LABELLA ROCK,WAYNE HILL,-,1.40,9,DONT TELL ALICE,DAVID SMITH,-,-,"3,874","1,281","1,061",384,"2,192","1,146",58,947,4-5,23.60,4-5,40.80,4-5-8,144.40,4-5-8-9,206.00
1,16:50,1800,ARCLIGHT PHOTOGRAPHY PACE  (SKY 2) NO NR PACE  SKY 2,1,WHATABRO,DARREN BILLINGER,3.20,1.50,8,TUNZA TENACITY,NICK BROWN,-,5.90,4,FAIRIESDELIGHT,DAVID SMITH,-,2.00,7,JAGGED SHADOW,SAMANTHA PASCOE,-,-,"5,656","2,598","1,164",759,"3,377","1,780",67,-,1-8,66.30,1-8,64.80,1-8-4,303.30,"1-8-4-7
                                            Partial C/O","2758.30
                                            (668.59)"
2,17:25,1800,HYGAIN FIBRE PROTECT PACE (SKY 1) NR 54 TO 59 PACE SKY 1,1,AH LA VITESSE (NZ),DAVID SMITH,30.40,3.30,6,MAHARAJAH (NZ),WAYNE HILL,-,2.50,3,WAITPINGA LAD,RYAN HRYHOREC,-,1.70,5,JUST CAPPY,LEAH HARVEY,-,-,"2,842","1,501",567,415,"1,552","5,441",78,-,1-6,81.20,1-6,156.90,1-6-3,797.90,1-6-3-5,2612.40
3,17:55,1800,NEWSPOT MOTOR GROUP PACE (SKY 1) NR UP TO 53 PACE SKY 1,7,CAULONIA ARTY,DANIELLE HILL,4.50,1.30,4,ILLUSIONATION,DARREN BILLINGER,-,1.40,1,BLACK ART (NZ),JAKE WEBSTER,-,2.30,5,HOCKYGREG,TIANA MCMAHON,-,-,"8,928","3,759","2,289","1,546","6,020","3,953",110,-,4-7,6.80,7-4,18.20,7-4-1,78.10,7-4-1-5,354.00
4,18:25,2645,2020 ALDEBARAN PARK GRAMEL TROTTERS CUP  (SKY 1) NR 58 OR BETTER SS SKY 1,8,ITS ELVIS (NZ),GAITA PULLICINO,4.00,1.60,5,COOLBREEZE,COREY JOHNSON,-,2.30,6,CHAMPAGNE PRINCE (NZ),MARK BILLINGER,-,1.50,1,ALDEBARAN BROOZER (NZ),RYAN HRYHOREC,-,-,"4,459","1,988","1,012",741,"2,771","1,995",107,"4,202",5-8,15.60,8-5,29.30,8-5-6,108.20,8-5-6-1,656.10
5,18:55,1800,2020 ALABAR GOLDEN NURSERY (HEAT 1) (SKY 1) NO NR SKY 1,5,ARTILLERY,MARK BILLINGER,5.60,2.00,6,SANUR BEACH,JAYSON FINNIS,-,1.50,3,BETTAMINETHANYOURS,DANIELLE HILL,-,-,7,BETTER STEAM AHEAD,MICHAEL A SMITH,-,-,"5,548","2,231","1,721",927,"4,354","3,927",117,-,5-6,3.90,5-6,9.60,5-6-3,26.60,5-6-3-7,77.00
6,19:25,1800,2020 ALABAR GOLDEN NURSERY (HEAT 2)  (SKY 1) NO NR SKY 1,1,DANCING FINN,RYAN HRYHOREC,1.20,1.04,3,LADY ALEXIA,SAMANTHA PASCOE,-,37.40,7,THISWAYTOTHEBEACH,MICHAEL NORMAN,-,-,4,THE SNEAKY FOX,MARK BILLINGER,-,-,"4,272","2,682","1,207","1,388","5,120","4,301",166,-,1-3,42.60,1-3,38.20,1-3-7,230.80,1-3-7-4,1185.60
7,19:56,1800,2020 ALABAR GOLDEN NURSERY (HEAT 3)  (SKY 1) NO NR SKY 1,6,BLACKTOP ROCK,RYAN HRYHOREC,2.20,1.10,2,MAJOR REASON,DON GIRARDI,-,6.20,7,SPRINGFIELD AFFAIR,DANIELLE HILL,-,-,4,NORTHERN TERROR,DALE AFFORD,-,-,"7,107","2,248","1,294","1,017","5,320","4,446",-,-,2-6,31.60,6-2,46.00,6-2-7,223.10,6-2-7-4,405.50
0,15:34,305,LADBROKES BOOST MAIDEN MDN,3,BOWIE BONUS,E. HARRIS,2.50,1.30,8,PRETTY PAWS,J. CORRIGAN,-,1.04,5,SMUGGLER'S RUN,L. MORGAN,-,-,1,MATESHIP,S. KEEP,-,-,"3,022",831,498,243,"1,307",997,19,116,3-8,1.50,3-8,3.60,3-8-5,10.40,3-8-5-1,21.80
1,15:57,407,LADBROKES BACK YOURSELF MAIDEN MDN,5,ARTY BARTY,C. MCPHEE,3.90,1.40,2,KALANG BEACH,T. RICE,-,1.04,6,LITTLE RED ROSIE,S. KEEP,-,-,4,EMERLEY BURNOUT,L. NORTH,-,-,"6,277","2,022","1,295",610,"3,780","3,369",38,-,2-5,2.40,5-2,6.70,5-2-6,31.20,5-2-6-4,105.40
2,16:12,305,LADBROKES LIVE STREAMING MASTERS M3,9,YOU TELAM JOY (7),A. BUNNEY,8.30,3.30,1,MAGIC RAE ROSE,D. LOWE,-,2.80,4,ODI SANNETTE,T. RICE,-,-,6,KULU EAGLE,J. CLARSON,-,-,"9,418","2,224","1,957",752,"4,975","3,346",81,-,1-9,14.70,9-1,47.80,9-1-4,128.50,9-1-4-6,1108.20
3,16:37,480,VILLAGE GREEN HOTEL 0-1 WIN STAKES MX,2,MANDOZA RIPPLE,T. RICE,4.50,2.90,7,OVERGRIP,A. MONAGHAN,-,1.40,6,DELROY BOY,W. FOSTER,-,-,1,NASTASSJA,G. STREATFIELD,-,-,"5,754","2,302",816,430,"2,174","1,473",56,-,2-7,7.60,2-7,10.20,2-7-6,37.40,2-7-6-1,138.40
4,16:57,480,BIG RIVER PIZZA 0-1 WIN STAKES MX,6,RINADEENA,A. MONAGHAN,3.00,1.50,1,HAZEL BONUS,E. HARRIS,-,1.40,7,THAT FELLA,L. GREEN,-,-,4,HAVANA BROWN,T. HICKSON,-,-,"3,470","1,561",683,308,"1,191","1,174",5,367,1-6,3.30,6-1,9.20,6-1-7,19.10,6-1-7-4,64.30
5,17:19,305,GDSC STAKES MX 4/5,1,KINGSBRAE JESS,C. MCPHEE,3.20,1.20,5,NAY GLEE,R. GARDOLL,-,1.10,2,PARIS GAMBLER,P. LAVIS,-,1.70,7,PANTHER PAUL,C. FIELD,-,-,"2,962","1,449",871,260,"1,992",921,71,-,1-5,3.80,1-5,8.20,1-5-2,38.90,1-5-2-7,369.00
6,17:46,305,CLARENCE VALLEY SHEDS STAKES GR5,3,PASS THE SAUCE,A. MONAGHAN,2.80,1.40,7,SCRAPED BY,J. KING,-,1.40,4,ZOMBIE QUEEN,W. KEMPSHALL,-,4.10,5,GRIS GAMBLER,P. LAVIS,-,-,"5,010","2,594",821,246,"1,497","1,003",98,-,3-7,12.50,3-7,29.00,3-7-4,391.60,"3-7-4-5
                                            Partial C/O","1555.40
                                            (291.35)"
7,18:09,305,SEDGERS REEF HOTEL STAKES FFA,7,OLD DOMINION,G. ROBERTSON,26.00,16.00,2,FLOKI JAPPA,S. KEMPSHALL,-,2.00,1,KINGSBRAE TREVOR,A. MONAGHAN,-,1.30,3,COPPERHEAD ROGUE,S. KEEP,-,-,"3,499","1,828",705,307,"2,288","3,831",115,-,2-7,270.80,"7-2
                                            Partial C/O","491.90
                                            (29.29)",7-2-1,2215.00,7-2-1-3,3459.90
8,18:32,407,LADBROKES INFO HUB PATHWAYS GR5,1,ARGENT GAMBLER,P. LAVIS,3.80,1.40,3,MY MAC BOY,C. MCPHEE,-,2.80,7,PREMIER GAMBLER,P. LAVIS,-,1.10,2,LUCA BAZOOKA,T. RICE,-,-,"6,396","1,748",805,570,"2,580","1,326",301,-,1-3,12.90,1-3,31.30,1-3-7,87.90,1-3-7-2,402.10
9,18:49,480,LADBROKES STAKES MX 4/5,3,HARI BRANN,A. MONAGHAN,2.40,1.04,8,I'M ZARR ROCK,R. GARDOLL,-,1.04,1,TWICE AS WISE,R. GARDOLL,-,2.10,5,KOORINGA THELLY,C. MCPHEE,-,-,"3,562","1,303",769,242,"1,988","1,373",-,-,3-8,2.20,3-8,5.00,3-8-1,24.50,3-8-1-5,40.40
0,17:00,431,TAB MDN,2,INCLINED,P. SULLIVAN,4.70,2.00,1,MORE,M. HEILBRONN,-,1.90,4,STAND IN MAIL,M. HEILBRONN,-,4.80,3,ROSDUE CITRUS,T. CHAPMAN,-,-,"2,451","1,479",477,234,"1,230",726,3,50,1-2,5.50,2-1,8.40,2-1-4,76.90,2-1-4-3,299.00
1,17:26,520,SKY RACING NOV,2,HARA'S STAR,A. SOMMERFIELD,14.50,3.70,7,TERROR TURTLE,R. ESSEX,-,1.10,6,SILVER SANDALS,S. LAWRANCE,-,-,3,AUGUSTA MISS,E. RAEBURN,-,-,"2,183",835,510,216,"1,235",654,8,-,2-7,10.50,2-7,32.40,2-7-6,70.90,2-7-6-3,263.10
2,17:49,431,WWW.IPSWICHGREYHOUNDS.COM NOV,1,SPRING CLEO,P. BYERS,3.00,1.04,6,TENDER TALK,M. HEILBRONN,-,2.20,5,TROUNCED,K. OLLERTON,-,14.90,4,MAD INVITE,J. BLOOMFIELD,-,-,"5,427","1,608",776,371,"1,822","1,085",20,-,1-6,14.60,1-6,37.80,1-6-5,464.50,"1-6-5-4
                                            Partial C/O","1682.10
                                            (338.78)"
3,18:06,630,DOVER & SONS MX 4/5,6,WAIKARIE BELL,K. KLEINHANS,-,2.90,2,FEDERAL ELLE,C. MUTTON,-,-,8,ZUDACTYL MONELLI,M. CAMPBELL,-,-,1,HOT EMBER,P. O'REILLY,-,-,"2,700",Aban.,311,188,566,"2,427",11,-,2-6,1.70,6-2,3.40,6-2-8,9.90,6-2-8-1,9.50
4,18:29,630,ADVENTURE TOURISM AUSTRALIA GR5,1,EIGHT GREEN CANS,J. HOSKING,3.70,1.20,2,ANNIKA,T. TZOUVELIS,-,1.70,3,MINI SOX,P. O'REILLY,-,1.40,4,HARD MARKER,P. FIELD,-,-,"4,182","2,711",632,463,"3,234","2,371",22,"1,549",1-2,7.60,1-2,20.90,1-2-3,69.30,1-2-3-4,301.40
5,18:45,431,WWW.IPSWICHGREYHOUNDS.COM MX 4/5,1,SPRING ROCK,P. BYERS,1.70,1.40,3,KEY WEST,K. SNOW,-,2.00,2,LANARK BLUE,J. HOSKING,-,1.00,6,RINGBARK REIGN,S. LAWRANCE,-,1.30,"2,702","1,254",659,359,"2,257","1,829",21,-,1-3,12.60,1-3,14.60,"1-3-2
                                            1-3-6","20.00
                                            33.90","1-3-2-6
                                            1-3-6-2","54.20
                                            79.40"
6,19:04,520,GREG STERNBERG VET SURGEON MX 4/5,3,MOLLY ANNE,D. JOHNSTONE,10.90,3.30,4,MISS IMPERIOUS,D. JOHNSTONE,-,2.40,6,CILLA PREVAILS,G. MITCHELL,-,1.90,8,BOY LLOYD,E. RAEBURN,-,-,"3,045","1,977","1,027",439,"2,899","1,842",18,-,3-4,9.70,3-4,26.80,3-4-6,203.80,3-4-6-8,852.00
7,19:23,520,TAB GR5 FN,6,FLYING JET,P. O'REILLY,4.30,1.60,7,SENORITA MAYWYN,R. ESSEX,-,2.40,5,WADDLING WITCH,J. HOSKING,-,1.10,8,MAYWYN ULYSSES,R. ESSEX,-,-,"8,329","4,327","2,261",833,"5,467","5,009",37,-,6-7,15.80,6-7,27.10,6-7-5,122.30,6-7-5-8,165.20
8,19:50,431,WWW.IPSWICHGREYHOUNDS.COM GR5,4,DARK ZORRO,P. O'REILLY,3.70,1.10,2,GO LOU GO,K. SNOW,-,2.80,5,FLYING HOUND,S. ANDREWS,-,3.50,3,ELITE YES SAM,L. MASSEY,-,-,"5,346","2,668","1,647",449,"4,750","2,995",99,-,2-4,9.90,4-2,10.60,4-2-5,173.00,4-2-5-3,718.00
9,20:06,288,OWNER OF YEAR 2007-BUTIBAM CONF MX 4/5,2,WILD FANTASY,C. MUTTON,3.60,1.90,4,SANTORINI MISS,T. BRETT,-,1.10,8,WILD LILLY,C. MUTTON,-,1.30,7,KID SUNRISE,K. OLLERTON,-,-,"5,219","1,724","1,504",687,"4,962","5,161",-,-,2-4,5.60,2-4,11.30,2-4-8,42.20,2-4-8-7,432.90
0,15:52,1720,DNR LOGISTICS PACE NR 61 TO 67 PACE,6,THE DUDE (NZ),RYAN DUFFY,9.10,2.00,3,MISS MCGONAGALL (EM1),CONNOR CLARKE,-,2.10,7,PRADASON,GREG SUGARS,-,1.40,5,RADIUS,DAVID BARBETTI,-,-,12.5K,"4,783","3,085","1,348","8,444","7,331","1,001",18.9K,3-6,26.00,6-3,76.80,6-3-7,278.20,6-3-7-5,2082.70
1,16:27,2240,TABCORP PARK MEAL DELIVERY NOW AVAILABLE PACE 4Y AND OLDER PACE,2,ITS BACK IN THE DAY (NZ),RHYS NICHOLSON,1.20,1.04,6,IM NO OUTLAW (NZ),GREG SUGARS,-,1.10,4,MACHS GOLD (NZ),RYAN DUFFY,-,2.00,9,SEIZE POWER,CHARLIE BORG,-,-,"9,462",11.9K,"2,737","1,707",10.4K,"9,199",643,-,2-6,3.50,2-6,3.10,2-6-4,7.40,2-6-4-9,62.30
2,16:55,1720,ALLIED EXPRESS PACE NR 60 TO 75 PACE,9,TWO TIMES BETTOR,GREG SUGARS,2.40,1.20,5,SINGLE TREE ROAD,MICHAEL STANLEY,-,1.40,3,LOOKING FABULOUS,RYAN DUFFY,-,1.30,4,MILLAH JOY,KYLIE SUGARS,-,-,"8,610","3,013","2,138","1,129","6,669","5,302",646,-,5-9,8.00,9-5,15.40,9-5-3,29.80,9-5-3-4,78.50
3,17:30,1720,WOODLANDS STUD TROT NR 65 TO 79,8,IMPERIAL WHIZ (NZ),GREG SUGARS,3.30,1.10,2,FLING ABOUT,FRED SPITERI,-,2.80,7,SCALLYWAG SAM (NZ),JODI QUINLAN,-,1.40,6,FEAR NOT,GLENN CONROY,-,-,11.3K,"3,999","2,620","1,618","7,990","7,783",582,-,2-8,26.30,8-2,41.00,8-2-7,71.20,8-2-7-6,342.40
4,18:03,1720,TALKING TROTS ON SENTRACK PACE NR 78 TO 89 PACE,8,BETTOR BE THE BOMB,RYAN DUFFY,9.40,2.40,10,JEAN LUC (NZ),LANCE JUSTICE,-,1.90,1,OFF THE RADAR,RICHIE CARUANA,-,1.90,4,EL HOMBRE,JODI QUINLAN,-,-,11.6K,"4,866","2,367","1,176","6,054","4,283",933,38.6K,8-10,20.70,8-10,31.60,8-10-1,224.00,8-10-1-4,1525.30
5,18:30,2240,ALABAR PACE NR 90 TO 120 PACE,6,EGODAN,GREG SUGARS,2.30,1.50,4,OUR STEP UP (NZ),JOHN CALDOW,-,2.00,8,KASBAH KID,RYAN DUFFY,-,-,1,VEE ROCK,DARBY MCGUIGAN,-,-,"5,096","2,218","2,199",515,"4,500","3,741",630,-,4-6,4.10,6-4,9.20,6-4-8,15.70,6-4-8-1,26.90
6,19:02,1720,TAB MULTIPLIER PACE NR 68 TO 77 PACE,9,FREDDY FUNK (NZ),GREG SUGARS,4.00,1.20,10,OUR SPORTSCASTER (NZ),OLIVIA WEIDENBACH,-,3.10,7,MESSERATI,JOHN CALDOW,-,1.60,3,THE GINGERBREADMAN,CRAIG DEMMLER,-,-,"8,920","3,224","2,348","1,164","5,884","4,070",833,-,9-10,19.80,9-10,20.90,9-10-7,70.40,9-10-7-3,532.60
7,19:37,2240,ALDEBARAN PARK TROT NR 80 TO 120,6,AUNTIE POPPY,GREG SUGARS,9.00,3.80,5,YMBRO WASTED,DARBY MCGUIGAN,-,8.40,2,I AM PEGASUS,JOHN CALDOW,-,-,7,SAVANNAH JAY JAY,CRAIG DEMMLER,-,-,"9,707","2,333","3,041","1,444","7,295","5,948",-,-,5-6,112.50,6-5,185.60,6-5-2,737.50,6-5-2-7,3138.60
0,15:40,1609,TAKEAWAYS AT MENANGLE COUNTRY CLUB LADYSHIP PACE NO NR PACE,6,FAME ASSURED,CAMERON HART,6.40,1.90,8,MOLLY KELLY,LUKE MCCARTHY,-,2.20,10,HOWS THE MEMORY,TODD MCCARTHY,-,1.60,7,ROCK N ROLL CHAPEL (NZ),ANTHONY BUTT,-,-,11.5K,"4,450","2,764","3,592",14K,"4,274",691,"3,130",6-8,15.50,6-8,37.30,6-8-10,151.00,6-8-10-7,351.60
1,16:15,2300,CORDINA FARMS FACTORY OUTLET PACE NO NR PACE,11,MAKOA,CAMERON HART,9.20,2.20,3,LOMBO HEAVEN,TODD MCCARTHY,-,2.20,10,PUMP THE BRAKES,SEAN GRAYLING,-,3.60,2,CULTURE KING,LUKE MCCARTHY,-,-,10.3K,"3,900","2,109","1,140","6,100","5,075",437,-,3-11,41.20,11-3,54.60,11-3-10,613.00,11-3-10-2,2766.60
2,16:47,1609,WOODLANDS STUD WEANLINGS FOR SALE PACE NO NR PACE,6,REPLACED EYE,TODD MCCARTHY,2.90,1.30,8,VAN MARA (NZ),ROBERT MORRIS,-,5.80,9,NED PEPPER,GAVIN FITZPATRICK,-,1.90,1,MATAI VALOUR (NZ) (EM1),GLENN MCELHINNEY,-,-,11K,"3,704","2,315","1,291","6,090","5,418",349,-,6-8,52.50,6-8,45.90,6-8-9,371.70,6-8-9-1,2271.30
3,17:18,1609,VODKA CRUISER LADYSHIP PACE NO NR PACE,11,HAVTIME (NZ),ROBERT MORRIS,1.30,1.10,9,BETTOR ROBYN,LEONARD CAIN,-,4.10,10,MAKE MINE HEAVEN,BRAD HEWITT,-,7.80,5,LOVE MY SISTER,LUKE MCCARTHY,-,-,"7,954","6,767","1,926",995,"4,753","4,497",215,-,9-11,10.80,11-9,11.90,11-9-10,175.30,11-9-10-5,868.90
4,17:48,1609,AINSWORTH A-STAR GOLDEN EASTER EGG 3Y NO NR,5,OUR ANTONIO ROSE,JASON GRIMSON,16.30,2.60,7,VINCENZINA,ROSS ADAMS,-,1.30,8,DR SUSAN (NZ),ANTHONY BUTT,-,1.04,9,TOTAL DIVA (NZ),BLAKE FITZPATRICK,-,-,"6,950","5,407","1,679","1,217","7,167","5,543",347,"9,615",5-7,53.50,5-7,85.80,5-7-8,200.60,5-7-8-9,911.70
5,18:18,1609,GARRARDS HORSE & HOUND PACE NO NR PACE,10,CASH N FLOW (NZ),LUKE MCCARTHY,1.90,1.10,4,CRUZ (NZ),TODD MCCARTHY,-,1.40,11,MY FIELD MARSHAL (NZ),ANTHONY BUTT,-,1.60,1,LITTLE RASCAL (NZ) (EM1),JIM DOUGLASS,-,-,"6,921","3,722","1,328","1,254","4,469","3,839",398,-,4-10,4.60,10-4,8.30,10-4-11,20.70,10-4-11-1,129.90
6,18:48,1609,MCLAREN REAL ESTATE CARE TO PREPARE TROTTERS MOBILE NO NR,10,DROP THE HAMMER,DARREN HANCOCK,3.40,1.50,9,KOWHAI MONARCH (NZ),TODD MCCARTHY,-,3.10,5,HOTJANE BLING,LUKE MCCARTHY,-,1.50,2,EMPIRE BAY,DAVID MORRIS,-,-,10.5K,"4,494","2,073","1,140","6,120","3,423",663,-,9-10,16.70,10-9,35.80,10-9-5,209.50,10-9-5-2,974.30
7,19:18,1609,MULTIQUIP QUARRIES PACE NO NR PACE,5,SMOKIN BY (NZ),TODD MCCARTHY,3.80,1.40,7,OUR WALL STREET WOLF (NZ),LEONARD CAIN,-,2.10,4,SAPPHIRE SWAYZE,CAMERON HART,-,3.10,10,NO APACHEMEE (NZ),JACK TRAINOR,-,-,10.2K,"4,553","2,186","1,241","6,493","4,475",-,-,5-7,14.60,5-7,23.10,5-7-4,159.90,5-7-4-10,1765.00
0,10:26,1050,TERRY HOWE PRINTING HANDICAP 2Y BM62 HCP,5,THERESABEARINTHERE,LACHLAN NEINDORF (A2.0),3.60,1.50,2,EXTRA TIME,JASON HOLDER,-,1.80,6,VANCOUVER VELVET,TEAGAN VOORHAM (A3.0),-,7.10,13,SHE'S ALL SPICE,RYAN HURDLE,-,-,27.4K,12.6K,10.3K,"3,240",17.2K,"9,025","2,768",-,2-5,7.70,5-2,13.50,5-2-6,269.10,5-2-6-13,9137.90
1,11:01,2500,BLAZE AID SA HANDICAP BM78 HCP,2,FRANKED (GB),TODD PANNELL,8.00,2.30,8,HASTA LA BULLET,EMILY FINNEGAN,-,2.10,1,TURF MAN,JASON HOLDER,-,2.00,13,SEARAVEN,JUSTIN POTTER,-,-,26.3K,12.4K,"9,204","3,157",17.3K,12.1K,"1,430",27.2K,2-8,32.60,2-8,93.90,2-8-1,420.10,2-8-1-13,10926.10
2,11:36,1600,TAB HANDICAP BM86 HCP,8,ROSELLI STING,JAKE TOEROEK,8.20,2.10,9,FRANCE'S BOY,KAYLA CROWTHER (A1.5),-,2.40,5,HANDSOME RETURN (NZ),TODD PANNELL,-,2.70,2,EPERDUMENT,GEORGINA CARTWRIGHT (A2.0),-,-,34.6K,15.6K,14.2K,"4,706",22.9K,15.9K,"3,205",-,8-9,26.70,8-9,60.60,8-9-5,398.90,8-9-5-2,3279.00
3,12:11,1600,AAMI HANDICAP BM60 HCP,16,LOVE FROM LUCY,SAIRYN FAWKE,91.40,20.30,4,SKILLFUL STEPS,CAITLIN JONES (A1.5),-,3.00,8,LA RICHESSE,GEORGINA CARTWRIGHT (A2.0),-,2.60,17,ALWAYS THE KING (EM1),RYAN HURDLE,-,-,43.2K,21K,17.7K,"4,482",32.1K,17.2K,"3,425",-,4-16,447.50,16-4,1545.70,16-4-8,29083.20,"16-4-8-17
                                            Partial C/O","26623.70
                                            (12385.99)"
4,12:51,1050,HOLDFAST INSURANCE HANDICAP (HEAT 9 SA SPRINT SERIES) BM78 HCP HEAT,4,MUM'S MY HERO,TEAGAN VOORHAM (A3.0),12.50,3.30,9,SYMPHONETTE,KAYLA CROWTHER (A1.5),-,1.90,7,BAYOU,LACHLAN NEINDORF (A2.0),-,2.20,8,STAR HILLS,EMILY FINNEGAN,-,-,66K,26.4K,20.7K,"5,347",35.8K,98.4K,"4,071",-,4-9,27.30,4-9,70.20,4-9-7,410.70,4-9-7-8,8931.80
5,13:31,1100,FURPHY R N IRWIN STAKES GROUP 3 SWFA,1,GYTRASH,JASON HOLDER,2.10,1.04,7,SUNLIGHT,BAREND VORSTER,-,1.20,2,HOME OF THE BRAVE (IRE),DOM TOURNEUR,-,3.00,3,VIRIDINE,PAUL GATT,-,-,74K,20.3K,20.4K,"6,515",42.8K,41.4K,"4,985",149K,1-7,1.70,1-7,3.40,1-7-2,23.40,1-7-2-3,91.60
6,14:11,1100,WINNING EDGE PRESENTATIONS REDELVA STAKES 3Y SW+P,6,GARNER,JASON HOLDER,5.50,1.80,7,ROCCABASCERANA,TODD PANNELL,-,1.80,11,SIZZLEFLY,KAYLA CROWTHER (A),-,1.60,10,XILONG,BAREND VORSTER,-,-,74.3K,30.1K,22.5K,"6,140",40K,25.7K,"5,861",-,6-7,11.60,6-7,23.70,6-7-11,90.90,6-7-11-10,193.50
7,14:51,1800,SCHWEPPERVESCENCE STAKES (REGISTERED AS AURARIA STAKES) GROUP 3 3Y FILLIES SW+P,15,SILENT SOVEREIGN,BAREND VORSTER,11.80,3.50,8,SELICA (NZ),KAYLA CROWTHER (A),-,3.30,17,WALKING FLYING (NZ) (EM1),LACHLAN NEINDORF (A),-,7.30,5,WINGS OF PASTRAMI,SAIRYN FAWKE,-,-,77.1K,40.5K,26.1K,"7,660",49.9K,25.1K,"8,315",-,8-15,70.00,15-8,129.30,15-8-17,3174.90,"15-8-17-5
                                            Partial C/O","38939.70
                                            (4402.42)"
8,15:30,1200,ADELAIDE FESTIVAL OF RACING 2-16 MAY HANDICAP (HEAT 10 AUTUM BM78 HCP HEAT,10,ONE MORE JACK,JUSTIN POTTER,5.00,1.90,12,AWAKE IN GRINZING (NZ),RYAN HURDLE,-,11.90,2,STREET LIFE,CAITLIN JONES (A1.5),-,3.90,4,AIGUILETTE,SOPHIE LOGAN (A3.0),-,-,81.8K,34.3K,28.8K,"8,505",57.6K,62.6K,-,-,10-12,220.70,10-12,234.60,10-12-2,4112.00,10-12-2-4,60640.90
0,09:55,1200,TAB HIGHWAY HANDICAP 3UP CL3 HCP,14,FENDER,JASON COLLETT,12.00,3.60,6,TORO TORO,JAMES MCDONALD,-,2.20,10,HELLENISM,TIM CLARK,-,2.10,5,JAILBREAK,NASH RAWILLER,-,-,56.3K,30K,30.2K,"6,359",43K,30.3K,"9,908",-,6-14,27.00,14-6,77.90,14-6-10,254.90,14-6-10-5,1159.60
1,10:35,1200,CATANACH'S SPRINT 3UP BM88 HCP,1,SNITZ,NASH RAWILLER,11.00,3.40,15,JEN RULES (EM1),ROBBIE DOLAN (A1.5),-,4.30,6,OUTRAGEOUS,TOMMY BERRY,-,3.20,12,GROUNDSWELL,TOM MARQUAND,-,-,63K,41K,34.9K,"7,744",47.9K,27.5K,"6,730",170K,1-15,92.00,1-15,179.00,1-15-6,1346.40,1-15-6-12,11265.00
2,11:10,1400,MOSTYN COPPER J H B CARR STAKES 3Y FILLIES SW+P GROUP 3,2,RUBISAKI,NASH RAWILLER,1.80,1.10,6,SUBPOENAED (NZ),TOMMY BERRY,-,2.40,11,ST COVET'S SPIRIT,JASON COLLETT,-,5.00,4,AKARI,TIM CLARK,-,-,48.6K,28.9K,29.7K,12.2K,55K,58.3K,11.3K,-,2-6,9.10,2-6,14.90,2-6-11,174.00,2-6-11-4,909.80
3,11:45,2000,CACTUS IMAGING FRANK PACKER PLATE 3Y SW GROUP 3,12,KINANE (NZ),JAMES MCDONALD,6.80,2.00,5,BOTTEGA,BRENTON AVDULLA,-,2.60,3,ENTENTE,TIM CLARK,-,2.20,6,CHUCK A LUCK (NZ),ADAM HYERONIMUS,-,-,77.5K,47.1K,39.2K,"8,248",59.1K,42.5K,"8,627",-,5-12,27.80,12-5,62.50,12-5-3,288.70,12-5-3-6,1329.50
4,12:20,1600,MOET & CHANDON CHAMPAGNE STAKES 2Y SW GROUP 1,1,KING'S LEGACY,HUGH BOWMAN,2.30,1.40,2,GLENFIDDICH,TOMMY BERRY,-,5.50,6,OLE KIRK,JAMES MCDONALD,-,1.70,9,FAYERRA,JASON COLLETT,-,-,83.9K,42K,37.9K,"8,985",65.8K,57K,"9,061",-,1-2,34.90,1-2,48.80,1-2-6,203.60,1-2-6-9,1745.10
5,13:00,2000,JAPAN RACING ASSOCIATION PLATE 3UP QUALITY GROUP 3,4,LIFE LESS ORDINARY (IRE),JASON COLLETT,8.30,2.60,11,GREYSFUL GLAMOUR,RACHEL KING,-,2.20,5,SHARED AMBITION (IRE),JAMES MCDONALD,-,1.90,3,BEST OF DAYS (GB),HUGH BOWMAN,-,-,86.9K,52.1K,40.4K,"7,650",63.1K,41.2K,12.4K,808K,4-11,23.80,4-11,58.60,4-11-5,365.40,4-11-5-3,1171.90
6,13:40,1400,SCHWEPPES ALL AGED STAKES SWFA GROUP 1,9,TOFANE (NZ),OPIE BOSSON,12.30,3.50,1,PIERATA,TOMMY BERRY,-,2.10,10,FASIKA,BRENTON AVDULLA,-,4.00,13,SUPER SETH,JAMES MCDONALD,-,-,147K,80.7K,75.8K,17.1K,147K,114K,15.3K,-,1-9,35.80,9-1,71.20,9-1-10,971.20,9-1-10-13,7660.50
7,14:20,1200,TAB HALL MARK STAKES 3UP SW+P GROUP 3,14,GREYWORM,TOMMY BERRY,4.60,1.90,1,TREKKING,KERRIN MCEVOY,-,2.10,2,KEMENTARI,HUGH BOWMAN,-,1.80,6,LE ROMAIN,NASH RAWILLER,-,-,108K,55.2K,41.8K,"9,916",69.6K,49.7K,17.4K,-,1-14,14.80,14-1,23.30,14-1-2,109.10,14-1-2-6,1022.10
8,14:55,1400,JCDECAUX HANDICAP 3UP BM100 HCP,8,RANIER,HUGH BOWMAN,23.20,6.10,15,PHAISTOS (EM1),KERRIN MCEVOY,-,1.90,10,DEALMAKER,BRENTON AVDULLA,-,3.70,4,LANCIATO (NZ),RACHEL KING,-,-,120K,66K,53.5K,12.6K,94.8K,58.4K,-,-,8-15,44.60,8-15,59.90,8-15-10,944.20,8-15-10-4,11908.50
0,16:32,525,SEQUENTIAL PROPERTY SERVICES GR7,7,FABRIOLA EXPERT,A. DAILLY,9.90,2.50,4,SUNSET BOURBSKI,A. DAILLY,-,1.90,1,LORD DISICK,J. ENNIS,-,1.10,2,PALACE LADY,J. ENNIS,-,-,"6,895","3,113","2,059",692,"6,132","4,379",342,"5,291",4-7,27.50,7-4,34.70,7-4-1,174.10,7-4-1-2,584.00
1,16:52,525,SKY RACING GR6,6,BURN TIME,L. HELLMUTH,5.80,1.10,7,PURE QUALITY,T. AULD,-,1.40,5,ENTWINED,J. NIBBS,-,10.90,3,DENZELL BALE,S. GRENFELL,-,-,"6,750","4,082","2,306","1,452","8,537","5,872",195,-,6-7,9.40,6-7,25.30,6-7-5,916.00,6-7-5-3,3645.50
2,17:12,525,TAB - LONG MAY WE PLAY FINAL (3-6 WINS) RSD WIN FN,1,THISTLE SMOKE,A. LANGTON,4.00,1.70,2,CATCH THE THIEF,M. CLARK,-,1.10,4,ZIPPING SULLIVAN,D. COLEMAN,-,1.60,9,MULLION MAYOR (7),J. ENNIS,-,-,"9,289","3,231","2,142",988,"7,025","7,623",292,-,1-2,4.80,1-2,13.90,1-2-4,40.80,1-2-4-9,158.40
3,17:35,725,TOPCAT VIDEO MX 4/5,8,BANGA,R. HENNESS,4.30,2.20,4,BLAZING CARTIER,R. BRITTON,-,2.30,7,WEBLEC HAZE,J. BRITTON,-,-,1,BENALI,T. BRITTON,-,-,"9,980","3,379","1,867","1,282","4,645","4,211",256,-,4-8,8.40,8-4,15.00,8-4-7,42.60,8-4-7-1,146.20
4,17:53,525,MEADOWS CONFERENCE & EVENTS CENTRE MX 4/5,4,SHANLYN DEANO,A. LAUTERBOOM,9.70,2.30,6,AVALANCHE,J. THOMPSON,-,1.04,5,FATHER PHEVOS,G. NEOCLEOUS,-,3.70,2,START A RIOT,K. HELLMUTH,-,-,11.4K,"4,069","2,632","1,243","7,817","5,446",281,24.4K,4-6,24.90,4-6,43.40,4-6-5,308.00,4-6-5-2,1456.80
5,18:12,600,THEMEADOWS.ORG.AU FFA,1,TRUE DETECTIVE,J. BRITTON,2.00,1.50,8,RAJASTHAN,R. CAMILLERI,-,1.50,7,ELLA ENCHANTED,J. ENNIS,-,-,2,HAVANA MISS,J. SHARP,-,-,"4,775","1,824","1,828",907,"3,706","3,306",380,-,1-8,1.80,1-8,3.70,1-8-7,5.20,1-8-7-2,27.00
6,18:35,600,HOME OF TEN GROUP 1'S GR5,5,SUBMISSION,J. THOMPSON,3.30,1.50,8,HERE'S TEARS,R. BRITTON,-,1.80,4,MIDNIGHT MYSTERY,A. BAHEN,-,6.60,7,BARCIA PRINCE,J. BRITTON,-,-,"8,245","2,754","1,622",841,"5,868","5,070",338,-,5-8,14.00,5-8,20.50,5-8-4,240.80,5-8-4-7,2329.30
7,18:53,525,FEIKUAI GREYHOUNDS FFA,5,YOU TELL ME,K. GREENOUGH,2.90,1.70,3,BLACK OPIUM,J. THOMPSON,-,1.70,7,MAS PLUM JAM,D. BURNETT,-,-,1,IAGO BALE,A. DAILLY,-,-,"9,155","3,868","2,012","1,511","8,226","5,988",249,-,3-5,3.30,5-3,8.10,5-3-7,84.90,5-3-7-1,247.20
8,19:15,525,JOIN THE 525 CLUB NOW GR5,4,ASTON SILK,J. THOMPSON,1.50,1.04,6,PHILADELPHIA PIP,J. SHARP,-,2.20,2,DEWANA CLASSIC,B. DEWAN,-,2.40,3,CHUN LI,J. SHARP,-,-,"6,566","2,974","3,645","1,137","6,775","6,090",390,-,4-6,6.30,4-6,10.90,4-6-2,34.40,4-6-2-3,123.10
9,19:42,525,TAB.COM.AU GR5,5,JUNK FOOD JUNKIE,J. SHARP,3.20,1.30,7,FABRIOLA ZAD,A. DAILLY,-,1.80,1,GET GO BOY,A. DEBATTISTA,-,1.60,2,CROUCHER,R. WOOD,-,-,"7,722","3,886","2,441","1,468","7,923","5,177",520,-,5-7,9.30,5-7,14.70,5-7-1,77.00,5-7-1-2,299.10
10,20:02,525,LIKE GRVICTORIA ON FACEBOOK GR5,1,WINLOCK NEWBOLT,M. GIBBONS,6.30,1.70,5,WEBLEC SPICE,M. LANIGAN,-,1.90,4,I'M A KRAKOUER,R. BRITTON,-,2.50,9,ELVISA BALE (7),A. DAILLY,-,-,12.8K,"4,758","2,684","1,311","9,223","5,688",497,-,1-5,6.60,1-5,27.90,1-5-4,97.60,1-5-4-9,794.20
11,20:22,525,EVERY RACE LIVE ON THE WATCHDOG APP GR5,7,DEWANA SUCCESS,M. DEWAN,6.60,1.20,1,ZIANNA ROSE,R. CRAWFORD,-,2.30,6,ZIPPING MARSHALL,D. COLEMAN,-,1.10,8,DEWANA MILKSHAKE,B. DEWAN,-,-,"8,798","2,796","3,080","1,530","6,610","6,336",-,-,1-7,27.30,7-1,59.30,7-1-6,96.70,7-1-6-8,490.80
0,11:04,1200,WILDFIRE BLOOMS HANDICAP F&M 0 - 70 HCP,2,BABE IN BOOTS,WAYNE KERFORD,6.70,2.40,1,ROUGHLY,CASEY HUNTER,-,2.50,3,HUSSON PARK,BARRY HUPPATZ,-,2.40,4,VALENCIANO (NZ),JARROD TODD,-,-,"7,416","2,686","2,514",885,"3,754","2,251",95,391,1-2,11.50,2-1,21.50,2-1-3,227.40,2-1-3-4,362.90
1,11:39,1200,YEPERENYE SHOPPING CENTRE WFA PLATE WFA,4,SAVATOXL,LORELLE CROW,3.40,1.50,5,SUPER BRYAN,BARRY HUPPATZ,-,3.60,3,MAUDY,PAUL DENTON,-,-,2,GOLDEN DICE,TERRY TREICHEL,-,-,"5,767","1,484","1,578",667,"1,835","3,174",47,-,4-5,9.00,4-5,20.40,4-5-3,62.50,4-5-3-2,136.20
2,12:14,1000,LADBROKES ODDS BOOST HANDICAP 0 - 62 HCP,1,CULZEAN,RAYMOND VIGAR,2.30,2.10,5,WHITWORTH,LORELLE CROW,-,6.70,3,REGAL CAPITAL,PAUL DENTON,-,-,6,KING KAZOU,JARROD TODD,-,-,"7,855","3,592","1,165",521,"2,466","2,186",28,-,1-5,12.20,1-5,14.90,1-5-3,50.60,1-5-3-6,138.60
3,12:54,1900,MERCURE ALICE SPRINGS RESORT HANDICAP HCP,3,FLYING TORMENTA,TERRY TREICHEL,4.50,1.60,4,MAZZARO,STAN TSAIKOS,-,2.00,8,WINGARD,LORELLE CROW,-,7.30,7,DOON BUGGY,CASEY HUNTER,-,-,"4,950","2,550","1,495",588,"1,884","2,211",78,"1,740",3-4,7.00,3-4,20.50,3-4-8,368.00,3-4-8-7,1959.80
4,13:34,1400,HELLOWORLD TRAVEL ALICE SPRINGS HANDICAP BM76 HCP,6,RANSOM MONEY,STAN TSAIKOS,7.30,1.40,7,HENRY LAD,WAYNE DAVIS,-,3.80,3,ALLSPICE,TERRY TREICHEL,-,1.60,4,GAUGUIN (NZ),DAN MORGAN (A2.0),-,-,"5,736","1,751","1,453",372,"2,149","1,648",106,-,6-7,56.20,6-7,107.70,6-7-3,413.30,6-7-3-4,1653.50
5,14:14,1400,SEPPELT WINES MAIDEN PLATE MDN-SW,3,RADIO ROOM,STAN TSAIKOS,10.80,3.50,5,TRUCKLOAD OF HOFFA,BARRY HUPPATZ,-,1.40,7,GUARDIAN,LORELLE CROW,-,4.50,6,ULARARA,PAUL DENTON,-,-,10.8K,"5,743","2,978",765,"3,742","2,251",512,-,3-5,12.80,3-5,46.30,3-5-7,357.90,"3-5-7-6
                                            Partial C/O","3489.40
                                            (307.74)"
6,14:54,1600,IMPARJA TELEVISION NT GUINEAS 3Y - SW,6,SHIFT THE RISK,RAYMOND VIGAR,1.30,1.04,9,CARIBBEAN KISSES,PAUL DENTON,-,3.10,4,LUNCH SESSION,TERRY TREICHEL,-,3.60,2,D'LIVA,STAN TSAIKOS,-,-,12.2K,"5,076","2,031",654,"4,111","6,580",-,-,6-9,8.60,6-9,16.10,6-9-4,98.70,6-9-4-2,999.50
0,10:00,1100,BUTCH POWER MAIDEN PLATE MDN-SW,7,SOCIALITE MISS,LAURA LAFFERTY (A2.0),15.70,2.40,4,RAYSIM,JACK HILL,-,1.50,3,LOVANO,DYLAN DUNN,-,2.40,6,TAI SHAN,JARROD FRY,-,-,17.6K,"7,256","5,756","1,995",10.9K,"9,600","2,404",-,4-7,39.50,7-4,67.80,7-4-3,408.60,7-4-3-6,1203.00
1,10:31,1200,STAVELY PARK MERINO STUD 3YO MAIDEN PLATE 3Y MDN-SW,4,HARPUNA,JARROD FRY,4.10,1.90,1,DROP THE MIC,WILL PRICE (A1.5),-,2.10,2,FIGHTING JACK,JACK MARTIN,-,1.20,15,LOVE HURTS (NZ) (EM3),RHONDA MANGAN,-,-,20.9K,"8,143","6,654","3,385",12.7K,"9,783","1,546",12.8K,1-4,13.50,4-1,18.30,4-1-2,42.90,4-1-2-15,4399.90
2,11:06,1600,D.A. DALGLEISH MAIDEN PLATE MDN-SW,9,RISING ARCHIE,CAMPBELL RAWILLER (A2.0),2.50,1.40,8,GAUCHO,WILL PRICE (A1.5),-,1.50,10,SET TO FIGHT,JACK HILL,-,2.30,5,RECIDIVIST,BRIDGET GRYLLS,-,-,15.3K,"5,104","3,450","1,643",10.4K,"5,351",957,-,8-9,3.50,9-8,7.60,9-8-10,36.00,9-8-10-5,232.50
3,11:41,1600,W. L. BILL BIGGIN 0 - 58 HANDICAP 0 - 58 HCP,6,FERROCERIUM,JACK HILL,4.00,1.50,3,PAINT THE STARS,CAMPBELL RAWILLER (A2.0),-,2.60,5,ONEHUNDRED PERCENT,ALANA KELLY (A2.0),-,2.30,7,NOBLE ROCKS,CHRISTINE PULS,-,-,19.8K,"7,417","5,274","2,076",11.9K,"6,686","1,481",-,3-6,22.30,6-3,38.50,6-3-5,183.10,6-3-5-7,611.00
4,12:16,1600,BOB BARR SMITH 0 - 58 HANDICAP 0 - 58 HCP,1,BROMES,JARROD FRY,5.20,1.80,6,GO BALLISTIC,WILL PRICE (A1.5),-,1.20,3,STORMY JACK,MADISON LLOYD (A2.0),-,3.10,7,PRIZE LAD,JACK HILL,-,-,29.2K,12.6K,"6,505","2,024",14.2K,"8,049","1,571",-,1-6,9.50,1-6,23.40,1-6-3,180.50,1-6-3-7,1154.10
5,12:56,1300,MILLEAR FAMILY 0 - 58 HANDICAP 0 - 58 HCP,4,KASHIWA,CAMPBELL RAWILLER (A2.0),3.70,1.20,2,TIME FORD,JADEN LLOYD (A2.0),-,2.20,6,QUIET LUCKY,DECLAN BATES,-,2.10,7,ENTANGLED TOFF,BRIAN HIGGINS,-,-,23.5K,"9,899","5,482","1,764",11.2K,"5,830","1,134",39.1K,2-4,10.20,4-2,19.90,4-2-6,52.40,4-2-6-7,331.60
6,13:36,1300,BET365 0 - 58 HANDICAP 0 - 58 HCP,9,PEDDLER,MADISON LLOYD (A2.0),6.00,2.10,2,FRATELLO,WILL PRICE (A1.5),-,1.30,4,DIXIE BUILT,JACK HILL,-,2.70,3,ASTRO CASTRO,KEVIN BOHORUN,-,-,29.1K,14K,"6,004","1,937",12.7K,"5,712","1,427",-,2-9,14.80,9-2,37.30,9-2-4,187.40,9-2-4-3,674.50
7,14:16,2000,T.M. MURRAY SLATTERY WILLAURA CUP BM70,5,FLORIDA DREAM,JADEN LLOYD (A2.0),6.80,2.10,2,TOUGH VIC,DECLAN BATES,-,2.50,6,CARPOOL KARAOKE (NZ),WILL PRICE (A1.5),-,1.40,4,MIGHTY OASIS (GB),JACK HILL,-,-,21.7K,"7,148","4,669","2,131",11.4K,"7,070","2,948",-,2-5,27.80,5-2,64.80,5-2-6,185.10,5-2-6-4,1023.60
8,14:59,1100,PROGRAMMED 0 - 58 HANDICAP 0 - 58 HCP,7,MARY'S PRIDE,WILL PRICE (A1.5),4.20,1.90,1,MARROCK,JARROD FRY,-,2.20,12,IN THE SUN,MIKAELA LAWRENCE (A3.0),-,8.20,6,THE RICH FISHER,JOHN KEATING,-,-,15.5K,"7,102","4,675","1,658","9,554","3,777",-,-,1-7,6.80,7-1,17.10,7-1-12,292.00,"7-1-12-6
                                            Partial C/O","5855.50
                                            (239.95)"
0,16:04,400,MR BUGS PEST CONTROL MAIDEN STAKES MDN,6,UTAH EXPRESS,J. MAGRI,3.00,1.50,1,SIN RAP EXPRESS,S. PARNIS,-,1.10,8,MUMNESIA,K. COLEMAN,-,4.10,3,OFFLINE,P. LAGOGIANE,-,-,"9,133","5,170","2,285",797,"7,171","5,877",43,452,1-6,4.60,6-1,9.80,6-1-8,48.50,6-1-8-3,106.10
1,16:24,400,LADBROKES MAIDEN STAKES MDN,3,FUN GUY EBBY,M. EBERAND,4.40,1.70,1,TAKAHI TOBY,J. BERTINATO,-,2.30,2,BOLLY'S GIRL,A. BELL,-,5.00,8,UTAH MISTY,J. SATTI,-,-,"6,726","2,563","1,382",606,"4,163","2,542",41,-,1-3,16.30,3-1,25.70,3-1-2,289.50,3-1-2-8,912.50
2,16:44,400,SOUTHERN ENGINE RECONDITIONING STAKES GR5,5,ANOTHER STORM,M. WRIGHT,3.70,1.30,4,BRISK,K. CHAPPELOW,-,3.00,9,FLASH MULCHER (7),S. FLEMING,-,1.50,8,SAVANAKA TWO,A. BELL,-,-,"8,572","4,480","2,665","1,025","7,631","5,909",35,-,4-5,22.70,5-4,35.20,5-4-9,222.40,5-4-9-8,1456.90
3,17:04,400,LADBROKES CASH IN STAKES MX 4/5,7,LAST PHOENIX,N. BROWN,2.70,1.20,5,SIENNA KEEPING,R. METSELAAR,-,1.30,3,BILLY BUCCA,A. BELL,-,2.40,2,OLD MICK BANNER,B. GIBBONS,-,-,"6,789","1,883","1,023",391,"2,731","2,235",23,-,5-7,6.30,7-5,7.00,7-5-3,61.50,7-5-3-2,73.80
4,17:23,400,LADBROKES ODDS BOOST STAKES FFA,5,STRAIGHT SHIFT,P. LAGOGIANE,2.80,1.80,7,MURPHY RUMBLE,M. GATT,-,4.60,8,RUMBLE MASTER,J. MAGRI,-,-,1,HARDAWAY HARADA,R. MARSDEN,-,-,"6,402","1,613","1,561",664,"3,471","2,876",39,787,5-7,8.20,5-7,16.40,5-7-8,37.90,5-7-8-1,61.50
5,17:42,472,LADBROKES 1-2 WINS STAKES GR5 FN,6,UTAH GHOST,J. SATTI,3.80,1.10,2,STRIKING,C. CHAPPELOW,-,1.40,8,LAURIE'S LAW,S. MA,-,2.30,4,HIGH PRIESTESS,B. MCCAULEY,-,-,"6,656","2,601","1,086",503,"3,725","2,675",200,-,2-6,6.10,6-2,12.70,6-2-8,106.80,6-2-8-4,708.90
6,18:00,472,LADBROKES CASH OUT STAKES MX 4/5,1,HERE COMES JOE,J. ESTEPHAN,1.90,1.04,9,JACK HIGH (3),R. MARSDEN,-,8.40,4,RITZA COEN,M. GATT,-,1.80,2,KNIGHTHOOD,P. LAGOGIANE,-,-,"7,899","3,866","2,382","1,010","7,498","6,143",30,-,1-9,28.50,1-9,33.30,1-9-4,213.20,1-9-4-2,746.20
7,18:23,472,LADBROKES BACK YOURSELF STAKES FFA,3,EBBY INFRARED,M. EBERAND,3.40,1.60,5,GOOD ODDS HARADA,J. MAGRI,-,1.50,8,KING CRATOS,J. MAGRI,-,-,4,SHANJO PRINCE,M. GATT,-,-,"4,779","1,781","1,613",574,"3,963","5,376",31,-,3-5,3.10,3-5,8.40,3-5-8,18.70,3-5-8-4,61.00
8,18:42,400,LADBROKES BULLI BATTLERS STAKES GR5,8,DYNA KARA,S. RHODES,2.70,1.10,7,TOMERONG TERROR,F. GOODWIN,-,1.30,1,PONTIAC ICON,M. AZZOPARDI,-,1.50,9,RUNWAY OSCAR (3),C. BENJAMIN,-,-,"6,408","3,286","1,062",636,"4,303","3,534",103,-,7-8,4.20,8-7,9.40,8-7-1,46.10,8-7-1-9,121.70
9,19:00,472,LADBROKES PROTEST PAYOUT STAKES GR5,6,UNISON,M. SULTANA,1.70,1.04,1,SIN RAP BOOM,S. PARNIS,-,2.10,8,TOPPER PHOENIX,F. HARRIS,-,3.70,3,TOPPER MCGARRETT,F. HARRIS,-,-,"6,596","2,105","1,679",636,"5,359","4,480",-,-,1-6,3.20,6-1,6.00,6-1-8,27.60,6-1-8-3,93.50
0,10:03,900,COOINDA NURSING HOME MAIDEN PLATE MDN-SW,5,OUTBACK SNOW,WENDY PEEL (A),108.10,12.80,13,INFERNO MISS,GREG RYAN,-,1.30,11,STICKS 'N' STONES,ANGELA COOPER (A3.0),-,1.80,1,BOBBIE'S BOY,KEN DUNBAR,-,-,"5,139","2,075","1,410",301,"2,400","1,363",303,804,5-13,53.80,"5-13
                                            Partial C/O","481.90
                                            (122.77)",5-13-11,1687.50,"5-13-11-1
                                            Partial C/O","2110.60
                                            (928.69)"
1,10:38,900,COOINDA HOSTEL MAIDEN PLATE MDN-SW,14,SOGNARE,WENDY PEEL (A),2.60,1.80,10,SKYE LOVER,JAMES ROGERS,-,7.60,9,POETIC HARMONY,ANDREW BANKS,-,1.50,2,OPERA DUDE,KATH BELL-PITOMAC (A1.5),-,-,11.7K,"5,730","2,790","2,033","4,629","7,001",287,-,10-14,60.50,14-10,122.10,14-10-9,388.00,14-10-9-2,2213.60
2,11:15,1600,COOINDA LODGE CLASS 1 & MAIDEN PLATE CL1-SW,1,CARNEGIE'S MONACO,KEN DUNBAR,4.80,1.60,7,STAR OF MOSHE,KATE COWAN (A1.5),-,4.80,6,SNIPSELVA,KATH BELL-PITOMAC (A1.5),-,2.20,2,JUST ON SPEC,BILLY CRAY,-,-,"7,986","2,741","1,789",672,"3,623","1,904",248,-,1-7,44.40,1-7,69.00,1-7-6,443.20,"1-7-6-2
                                            Partial C/O","2951.60
                                            (113.17)"
3,11:51,1400,COOINDA RETIREMENT VILLAGE MAIDEN HANDICAP MDN HCP,6,JONESY,JAMES ROGERS,15.40,3.50,5,FANTASMA,GREG RYAN,-,2.20,9,DUSKTILLDAWN,BILLY CRAY,-,4.00,7,BLACK FERN,KEN DUNBAR,-,-,10.2K,"3,845","2,009",614,"3,954","3,473",693,-,5-6,29.00,6-5,91.60,6-5-9,797.50,"6-5-9-7
                                            Partial C/O","5383.20
                                            (2011.29)"
4,12:27,1400,COOINDA HOME CARE BENCHMARK 50 HANDICAP BM50 HCP,1,ZAMALI,KATH BELL-PITOMAC (A1.5),3.30,1.40,2,GORN HOFF,GREG RYAN,-,1.80,7,AYETEEM,KATE COWAN (A1.5),-,2.60,14,MOMENT OF HOPE,ELEANOR WEBSTER-HAWES,-,-,10.6K,"5,289","2,658",894,"5,680",11.6K,197,"2,292",1-2,9.50,1-2,10.80,1-2-7,57.40,1-2-7-14,271.30
5,13:07,1200,COONABARABRAN CUP DAY 25TH OCTOBER 2020 BENCHMARK 50 HCP BM50 HCP,6,BEE DOUBLE BEE,GREG RYAN,4.80,1.90,3,MUSIC MISS,KATE COWAN (A1.5),-,2.60,10,RAWSON CROSSING,JAMES ROGERS,-,4.60,7,POLICY,ANDREW BANKS,-,-,19.9K,"9,601","3,242",939,"5,477","2,403",353,-,3-6,17.70,6-3,34.40,6-3-10,364.90,6-3-10-7,1582.90
6,13:47,1200,COOINDA COONABARABRAN BENCHMARK 50 HANDICAP BM50 HCP,5,CREIDNE,BILLY CRAY,17.30,3.30,11,TICKET TO EL AYE,ANGELA COOPER (A3.0),-,4.80,4,ANGIE EMM,GREG RYAN,-,1.04,3,BRAY (NZ),WENDY PEEL (A),-,-,19.2K,"8,973","4,313","2,264",11K,"6,572",383,-,5-11,196.70,5-11,649.80,5-11-4,1350.60,"5-11-4-3
                                            Partial C/O","10177.80
                                            (4759.10)"
7,14:27,900,MERRYULA WING BENCHMARK 50 HANDICAP BM50 HCP,8,BENSAY,ASHLEIGH STANLEY (A2.0),10.00,3.80,2,INVINCIBLE THUNDER,KATE COWAN (A1.5),-,2.60,15,DYNAMITE DAN (EM1),JAMES ROGERS,-,3.60,12,MATTER OF FACTOR,CHELSEA INGS,-,-,12.4K,"5,281","3,435","1,281","5,773",16.7K,-,-,2-8,47.30,8-2,40.00,8-2-15,680.60,8-2-15-12,4674.50
0,10:19,1400,TOM THUMBS LAGOON 2YO MAIDEN HANDICAP 2Y MDN HCP,3,MACLEAY,ADRIAN LAYT,5.50,2.00,1,BLACK BOLT (NZ),CHAD LEVER,-,2.10,6,DIORISSIMA,TRAVIS WOLFGRAM,-,12.20,5,COL'S LAW,BROCK RYAN (A1.5),-,-,18.8K,"6,481","4,432","1,735","9,444","6,410",816,"5,758",1-3,11.90,3-1,22.40,3-1-6,535.50,3-1-6-5,4385.30
1,10:54,1300,PERKINS BEACH MAIDEN HANDICAP MDN HCP,1,KATERU,BLAIKE MCDOUGALL,2.80,1.50,2,DIVINE ELEVEN,CHAD LEVER,-,2.20,9,HEIMBERG,BRODIE LOY,-,3.70,8,AIR TO AIR,JESS TAYLOR,-,-,19.7K,"8,235","6,686","3,832",11.2K,"8,659",695,-,1-2,7.80,1-2,19.50,1-2-9,176.50,1-2-9-8,619.30
2,11:29,1500,WILLIAM BEACH MAIDEN PLATE MDN-SW,4,HIGH ACADEMY,CHAD LEVER,7.00,1.90,1,DESIGN AHEAD,SCOTT POLLARD,-,3.50,3,DAME MARGOT,TRAVIS WOLFGRAM,-,2.00,9,TODWICK,BRANDON GRIFFITHS (A2.0),-,-,18K,"8,002","4,408","1,542","8,364","5,634",611,-,1-4,26.70,4-1,38.90,4-1-3,243.50,4-1-3-9,1224.60
3,12:04,1500,LAKE CATARACT CLASS 1 HANDICAP CL1 HCP,11,TAMPERING,ADRIAN LAYT,11.90,2.70,13,SILENT AGENDA,CHAD LEVER,-,10.40,1,JUST SOCIETY (NZ),SHAUN GUYMER,-,1.50,14,ILVERMORNY,BLAIKE MCDOUGALL,-,-,21.9K,"8,590","5,720","2,650",12.3K,"7,778",761,"8,168",11-13,472.20,11-13,1353.70,11-13-1,5506.20,"11-13-1-14
                                            Partial C/O","12055.10
                                            (4829.05)"
4,12:44,1400,LAKE CORDEAUX CONDITIONAL BENCHMARK 70 HANDICAP BM70 HCP,4,BUDDEROO KNIGHT,BROCK RYAN (A1.5),9.40,3.30,7,MICKS NEW CHICK,WINONA COSTIN,-,2.30,10,MERCURY,BRANDON GRIFFITHS (A2.0),-,3.20,8,TERRA REIGN,BLAIKE MCDOUGALL,-,-,24.5K,11.3K,"6,613","2,172",11.4K,34.9K,579,-,4-7,41.20,4-7,98.10,4-7-10,974.10,4-7-10-8,7619.90
5,13:24,1200,LAKE AVON F&M BENCHMARK 64 HANDICAP F&M BM64 HCP,2,SPEED AND STYLE,MADISON WATERS (A4.0),19.80,3.90,7,CHANTING,BLAIKE MCDOUGALL,-,2.30,9,MIDSUMMER RAIN,JESS TAYLOR,-,2.30,5,LETTRE D'AMOUR,WINONA COSTIN,-,-,12.4K,"5,537","3,781","1,245","5,543","2,902",879,-,2-7,49.80,2-7,132.80,2-7-9,942.30,"2-7-9-5
                                            Partial C/O","4497.90
                                            (2104.39)"
6,14:04,1200,LAKE ILLAWARRA CG&E BENCHMARK 64 HANDICAP CG&E BM64 HCP,2,REFORMIST,BROCK RYAN (A1.5),7.40,2.10,5,PIONEER,CHAD LEVER,-,1.40,7,GOLWEN,BLAIKE MCDOUGALL,-,2.20,3,LANCASTER BOMBER,BRANDON GRIFFITHS (A2.0),-,-,43.8K,20.9K,"7,448","3,049",14.4K,19.8K,-,-,2-5,10.00,2-5,31.80,2-5-7,181.70,2-5-7-3,1630.70
0,11:21,1000,WESTLAWN FINANCE MAIDEN PLATE MDN-SW,5,SINEPARI,JON GRISEDALE,8.40,1.04,6,ASTROPHYSICS,BELINDA HODDER,-,2.60,1,TUMUT RIVER (NZ),MATTHEW MCGUREN,-,1.30,9,DRAGON PURSUIT,CEJAY GRAHAM (A),-,-,"9,325","3,087","3,878","1,020","4,703","3,219",154,691,5-6,20.20,5-6,43.40,5-6-1,90.70,5-6-1-9,497.60
1,11:56,1200,METROLL LISMORE MAIDEN PLATE MDN-SW,9,TILLY'S STAR,MATTHEW MCGUREN,3.00,1.70,6,DAWN THUNDER,QIN YONG (A1.5),-,1.40,4,CHERAX DESTRUCTOR,LUKE ROLLS,-,3.60,5,CRISTAL CAZ,KASIE STANLEY,-,-,"9,018","2,896","1,725",863,"4,406","3,597",185,-,6-9,3.20,9-6,7.60,9-6-4,58.20,9-6-4-5,213.70
2,12:36,1400,MID-RICHMOND PLUMBERS & SUPPLIERS BENCHMARK 50 HANDICAP BM50 HCP,1,DARK IMAGE,EMILY ATKINSON (A2.0),7.50,3.00,3,ESKIMO COMMANDER,JODI WORLEY,-,3.10,8,OUR BOY BEN,NORIYUKI MASUDA (A),-,3.40,6,CHATEAUROUX,QIN YONG (A1.5),-,-,16.8K,"7,568","4,543","1,462","7,574","4,182",129,"1,990",1-3,25.30,1-3,45.80,1-3-8,290.90,1-3-8-6,4293.50
3,13:16,1400,AUSTBROKERS NCFS MAIDEN HANDICAP MDN HCP,10,ROGUE,KASIE STANLEY,6.90,1.70,6,KORRIN,BELINDA HODDER,-,1.80,12,SOLITARY MARCH,JODI WORLEY,-,15.10,8,MINNI MINNAH,BROOKE STOWER,-,-,19.7K,"8,420","6,433","2,022",10.9K,"5,822",362,-,6-10,14.80,10-6,22.70,10-6-12,1494.50,"10-6-12-8
                                            Partial C/O","8644.60
                                            (1288.55)"
4,13:56,1200,SOUTHSIDE HOT BREAD BENCHMARK 58 HANDICAP BM58 HCP,3,DEXTER DUTTON,EMILY ATKINSON (A2.0),5.60,2.00,4,LAOBAN TAI TAI,BROOKE STOWER,-,1.80,7,MONTEVIDEO,LUKE ROLLS,-,2.20,5,LUCAP (NZ),MATTHEW MCGUREN,-,-,15.9K,"6,713","4,175","2,132","8,791",12.3K,444,-,3-4,25.40,3-4,28.50,3-4-7,268.30,3-4-7-5,1154.50
5,14:36,1516,FINANCIAL GUIDANCE GROUP CLASS 1 HANDICAP CL1 HCP,1,RISALDAR,MATTHEW MCGUREN,5.70,2.10,2,DAUNTING WARRIOR,CEJAY GRAHAM (A),-,2.10,11,NORMA'S JOY,BELINDA HODDER,-,5.80,3,VOLFONI,LEAH KILNER (A),-,-,14.6K,"6,149","3,402","1,385","6,996","2,274",-,-,1-2,35.50,1-2,31.50,1-2-11,897.00,"1-2-11-3
                                            Partial C/O","3525.00
                                            (833.45)"
0,15:26,1609,SKY RACING ACTIVE PACE NR UP TO 55 PACE,5,DENNINGTON HEIGHTS,GUY CHAPPLE,9.80,2.90,1,FINAL RIVER,GLENN BULL,-,4.20,2,CHRISTIAN BROTHER (NZ),JACK CALLAGHAN,-,3.90,4,MIZZZ ADELE,MATTHEW HARDING,-,-,"6,223","2,025","1,645",718,"4,101","2,140",86,593,1-5,61.40,5-1,151.80,5-1-2,571.50,"5-1-2-4
                                            Partial C/O","3318.10
                                            (1425.34)"
1,15:56,1609,TOOHEYS PACE NR UP TO 63 PACE,6,LIGHTNING BOB,JAKE HUGHES,4.90,1.80,2,LILYMADIMAC,JACK CALLAGHAN,-,1.40,1,ELSIE GEM,DAN MORGAN,-,3.00,10,ITS ALLABOUT ALICE,BRAD ELDER,-,-,"5,307","2,073","1,329",936,"4,445",11.9K,170,-,2-6,4.50,6-2,31.30,6-2-1,351.50,6-2-1-10,1578.20
2,16:31,1609,TAB ODDS & EVENS PACE NR UP TO 63 PACE,9,ITZ GEORGIAONMYMIND (NZ),JACK CALLAGHAN,2.90,1.80,8,NEVER KNOW CHARLIE,DAN MORGAN,-,4.70,4,CORBAUX (NZ),JEMMA CONEY,-,1.70,10,HAZELNUTS,JAKE HUGHES,-,-,"3,505","2,322",688,314,"2,118","1,323",42,-,8-9,27.20,9-8,32.20,9-8-4,84.60,9-8-4-10,596.40
3,17:03,2030,WOLF BLASS PACE NR UP TO 70 PACE,2,REGAL ROCK (NZ),GLENN BULL,9.30,3.10,4,ROLL WITH LACHLAN,MATTHEW HARDING,-,1.60,1,PUMPNIRON,JAKE HUGHES,-,2.50,7,YOURBLUEYESCRYING,MICHAEL FORMOSA,-,-,"2,655","1,039",933,375,"1,523","1,117",36,-,2-4,5.50,2-4,36.60,2-4-1,213.20,2-4-1-7,938.20
4,17:41,2030,COCA COLA PACE NR UP TO 120 PACE,4,LACEYS LAD (NZ),JACK CALLAGHAN,2.00,1.30,10,KID MONTANA,BRAD ELDER,-,1.04,5,WET MY WHISTLE (NZ),JOSHUA OSBORN,-,4.00,7,TYGAR,JOE TAAFFE,-,-,"5,183","2,371","1,627",425,"3,466","3,025",65,"1,318",4-10,2.30,4-10,5.60,4-10-5,42.20,4-10-5-7,240.60
5,18:12,1609,GARRARDS HORSE & HOUND PACE NR UP TO 55 PACE,9,DANCING IN AMERICA,GUY CHAPPLE,5.90,2.00,7,POPSTAROMAR,MARK CALLAGHAN,-,1.04,3,MY BLUE HEELER,GLENN BULL,-,5.30,1,HENWOOD,DAN MORGAN,-,-,"2,296","1,179",436,246,"1,131",432,37,-,7-9,17.80,9-7,29.00,9-7-3,351.30,"9-7-3-1
                                            Partial C/O","670.20
                                            (241.37)"
6,18:40,1609,NEWCASTLE TRANSPORT SPECIALISTS PACE NR UP TO 47 PACE,3,ONLY WHEN I PLAY,TOM ISON,3.30,1.70,4,ARNA,BRAD ELDER,-,1.30,7,JODIS CHOICE,JAKE HUGHES,-,5.20,6,LOVELAINE,DAN MORGAN,-,-,"1,754",699,325,101,"1,373","1,684",109,-,3-4,5.70,3-4,12.70,3-4-7,160.70,3-4-7-6,583.00
7,19:12,2030,TROTS TV PACE NO NR PACE,2,TOPSKY,TOM ISON,3.70,1.60,1,ROSARITO ROCK,JACK CALLAGHAN,-,3.80,6,OUR REACTOR,MADDIE BOND,-,9.10,4,HARMS LOWANA,JASON HARMEY,-,-,"4,695","1,877","1,009",469,"2,774","1,576",-,-,1-2,10.00,2-1,13.90,2-1-6,319.30,2-1-6-4,1413.90
0,07:00,796,REMINGTON PARK - DIRT CLAIMING,5,MY BUCKET IS FULL (USA),BRETT BIRZER,3.40,1.50,1,RAGIN (USA),BENITO BACA,-,1.70,3,FLIGHT TO LA JOLLA (USA),JOSH ROMERO,-,1.90,918,447,260,151,"1,918",41,-,-,1-5,4.70,5-1,12.50,5-1-3,36.70,5-2,15.70
1,07:27,274,REMINGTON PARK - DIRT MDN CLAIMING,2,LIVE COUNTRY MUSIC (USA),JAMES FLORES,2.20,1.30,1,CORONA CHROME (USA),CODY SMITH,-,1.04,8,MS FLEA FLICKER (USA),JOSH ROMERO,-,1.90,"1,181",511,361,314,"2,613",15,-,-,1-2,2.50,2-1,6.50,2-1-8,23.70,5-2,15.70
2,07:54,274,REMINGTON PARK - DIRT MDN,2,LOTA COWBOY TRY (USA),JUAN PULIDO,5.10,1.50,10,MH FAMOUS MOONSHINE (USA),JIMMY BROOKS,-,1.30,3,ONE FAMOUS GRIP (USA),JAMES FLORES,-,2.80,"1,142",567,555,230,"2,406",24,145,-,2-10,7.30,2-10,9.10,2-10-3,82.30,2-2,6.00
3,08:21,402,REMINGTON PARK - DIRT MDN CLAIMING,4,ENSEPERABESIX (USA),JUAN PULIDO,7.20,2.10,5,THE CORONA COWBOY (USA),BERKLEY PACKER,-,1.50,1,JOE BANGLES (USA),MARIO DELGADO,-,4.50,"2,235","1,066",492,523,"2,843",49,-,-,4-5,12.10,4-5,43.10,4-5-1,278.80,"2-4
                                            Partial C/O","38.40
                                            (12.80)"
4,08:54,366,REMINGTON PARK - DIRT ALLOWANCE,8,DF LORD GARVAN (USA),MARIO DELGADO,5.10,2.00,1,HAGGARD (USA),JAMES FLORES,-,2.40,7,COMBINED (USA),RICKY RAMIREZ,-,2.60,"2,230","1,537",465,548,"3,256",196,-,-,1-8,13.70,8-1,24.90,8-1-7,244.40,"4-8
                                            Partial C/O","78.40
                                            (7.06)"
5,09:20,320,REMINGTON PARK - DIRT CLAIMING,3,CHARM THE CHIEF (USA),RAUL VALENZUELA,10.20,2.10,8,MIGHTY BOAZ (USA),BENITO BACA,-,2.70,5,FOCUS ON ME 123 (USA),RICKY RAMIREZ,-,1.60,"2,782","1,045",581,501,"3,333",-,-,-,3-8,28.50,3-8,55.90,3-8-5,175.20,8-3,56.70
0,09:48,1000,XXXX DRY MAIDEN PLATE 2UP MDN-SW,10,BETTER BE GREAT,SHANE MCGOVERN,5.80,2.10,14,WHISKEY APPLE (EM2),GEMMA STEELE,-,3.30,3,CALCULATED RISK,CHRIS BRYEN,-,1.70,11,SIRATRO,HANNAH PHILLIPS,-,-,12.5K,"5,393","3,947","1,269","9,212","4,755",290,919,10-14,48.10,10-14,84.50,10-14-3,295.60,10-14-3-11,1755.30
1,10:23,1640,IRON JACK BENCHMARK 55 HANDICAP BM55 HCP,5,TAKE A SHINE,JASON MISSEN,7.10,3.10,6,ACHILLES PRIDE,SHANE MCGOVERN,-,3.50,3,VISERION,TESSA TOWNSEND (A2.0),-,-,4,HEEBEE RIGHT MATE,LEEANNE MCCOY,-,-,10.5K,"3,622","1,881",898,"3,035","2,522",823,-,5-6,12.10,5-6,52.70,5-6-3,105.70,5-6-3-4,375.00
2,10:58,900,EXPLORERS INN QTIS BENCHMARK 55 HANDICAP BM55 HCP,5,BOOM OR BUST,SHANE MCGOVERN,3.30,1.90,2,FOXY BELLA,ROBERT FAEHR,-,2.60,7,MR NODDY,HANNAH RICHARDSON,-,-,4,BETTY IS READY,SHANNYN STEPHAN (A3.0),-,-,12K,"3,122","2,891","1,339","5,246","4,168",80,723,2-5,13.40,5-2,17.70,5-2-7,182.10,5-2-7-4,664.60
3,11:33,1000,ROYAL ON 99 OPEN HANDICAP OPEN HCP,2,SPLITZ,HANNAH PHILLIPS,2.10,1.50,5,GENDEBIEN,ROBERT FAEHR,-,1.60,6,RED DEVIL,LEEANNE MCCOY,-,2.50,7,SMOOTH HUSTLER,JASON MISSEN,-,-,15.3K,"6,456","4,044","1,594","9,530","6,325",719,-,2-5,10.00,2-5,11.90,2-5-6,44.20,2-5-6-7,228.50
4,12:08,1200,XXXX GOLD BENCHMARK 50 HANDICAP BM50 HCP,4,AUTHADANE,ROBERT FAEHR,9.30,2.80,2,BOLD ADMIRAL,TESSA TOWNSEND (A2.0),-,2.20,9,SONA DANCER,GEMMA STEELE,-,1.60,5,BELLA'S BROTHER,JASON MISSEN,-,-,18.1K,"5,307","3,995","1,361","8,003","5,553",867,-,2-4,19.90,4-2,53.00,4-2-9,212.70,4-2-9-5,1219.70
5,12:48,1200,SNAP FITNESS ROMA CLASS 4 PLATE CL4-SW,6,BRIDYN MAY,ROBERT FAEHR,3.00,1.20,4,BESTERS,CHRIS BRYEN,-,1.30,3,ENTERPRISE GRAND,HANNAH PHILLIPS,-,2.80,9,PIRELLI,JASON MISSEN,-,-,16.1K,"5,245","4,785","1,653","9,539","6,637",-,-,4-6,14.80,6-4,23.20,6-4-3,99.10,6-4-3-9,1034.60
0,15:19,450,FINER FRUITS (200+RANK) MDN,8,HARLEQUIN ROSE,G. SELKRIG,1.40,1.04,6,SPUN OUT,B. MAGRI,-,8.60,4,TARRA ROCKET,A. CRAVEN,-,-,7,MAD GOOSEY,P. FROST,-,-,10.9K,"2,506","1,807","1,032","5,219","4,956",136,760,6-8,16.10,8-6,22.10,8-6-4,39.10,8-6-4-7,104.80
1,15:38,385,ELITE COLLARS & LEADS (200+RANK) MDN,5,BUSHMAN'S BUDDY,D. PELL,4.50,2.60,2,TYLDEN,S. STEFANOS,-,1.80,4,ARMANI ARBY,S. DALTON,-,2.60,3,KING OF DADS,N. LAVELLE,-,-,"7,516","2,717","1,886",927,"4,285","3,755",210,-,2-5,19.20,5-2,27.10,5-2-4,178.00,5-2-4-3,969.90
2,16:00,385,TAB.COM.AU (200+RANK) GR7,3,FOREMAN,D. FISHER,8.30,3.00,5,ASTON GENESIS,M. MALLIA,-,1.10,10,CATCH KATE (1),D. KNIGHT,-,2.30,8,SLINGSHOT ANGEL,R. CAMILLERI,-,-,"3,834","1,992",988,449,"2,824","1,579",153,-,3-5,15.60,3-5,28.50,3-5-10,188.40,3-5-10-8,431.60
3,16:18,385,WWW.VICTOOLSHOP.COM (200+RANK) GR6,3,MR. BOB,L. MORSHEAD,4.20,1.60,6,CHOIR MAGIC,G. GLASS,-,2.00,5,CHARLIE CHECKER,R. HENNESS,-,2.10,7,STARCHIE,B. MERTON,-,-,"3,971","1,909","1,757",545,"3,602","2,290",168,-,3-6,12.10,3-6,21.00,3-6-5,84.40,3-6-5-7,531.90
4,16:47,450,NETFIND PTY LTD (200+RANK) MX 6/7,7,POTENT,G. SELKRIG,2.20,1.60,5,TIGERFISH FOZZ,B. FOTHERGILL,-,8.90,1,SUPERSTITIOUS,M. MALLIA,-,1.60,3,MAXIMUM REFUSAL,R. CAMILLERI,-,-,"4,388","1,609",699,282,"2,092","1,092",87,"3,500",5-7,101.50,7-5,67.50,7-5-1,464.60,"7-5-1-3
                                            Partial C/O","1692.70
                                            (691.23)"
5,17:09,450,TAB MULTIPLIER (200+RANK) GR5,5,WITH CONFIDENCE,R. CAMILLERI,1.90,1.30,2,GAMBOA,J. EGAN,-,1.10,7,BRING THE SPRING,J. HETHERTON,-,-,8,KRAKEN BO,B. HALL,-,-,"5,159","2,201","1,011",661,"3,152","7,451",140,-,2-5,2.90,5-2,5.60,5-2-7,24.50,5-2-7-8,68.20
6,17:32,450,CKH PAINTING (200+RANK) GR5,3,SCRAPING PAINT,G. SELKRIG,1.80,1.40,5,ROTARUA,M. KUSZNIR,-,4.20,2,PRINCE MARK,G. GLEDHILL,-,3.00,7,GIGI'S FIRE,J. WORSFOLD,-,-,"6,619","3,363","1,506",839,"4,888","3,255",121,-,3-5,16.00,3-5,13.20,3-5-2,131.00,3-5-2-7,357.10
7,17:56,450,SHEPPARTON NEWS (200+RANK) MX 4/5,3,ASTON AJAX,P. ABELA,16.80,5.00,7,IMMINENT,C. JAMES,-,1.04,6,CORNHILL TIGER,S. GIBSON,-,-,8,SO SAY,G. GLASS,-,-,"3,149","1,533",768,522,"2,012","1,778",77,-,3-7,11.20,3-7,68.20,3-7-6,212.20,3-7-6-8,1194.50
8,18:17,385,GV'S HIT 96.9 (200+RANK) MX 4/5,4,WRANGLE,L. MOORE,6.50,3.00,3,INTER MIMI,J. FORMOSA,-,3.20,2,MAJOR WINSTON,D. JENSEN,-,-,7,WALK ON BYE,J. EGAN,-,-,"3,487",918,993,341,"1,955","1,153",210,-,3-4,20.50,4-3,56.20,4-3-2,320.40,"4-3-2-7
                                            Partial C/O","1788.50
                                            (144.09)"
9,18:38,385,BYERS ELECTRICAL (200+RANK) GR5,8,MADAME POOKIE,C. WEBB,1.70,1.80,2,LEKTRA SWING,B. KINDER,-,2.60,6,ZERO TO HERO,J. TORR,-,-,1,QUE UP,A. POWELL,-,-,"3,679","1,625","1,019",413,"1,963","2,143",95,-,2-8,11.70,8-2,22.50,8-2-6,104.60,8-2-6-1,319.70
10,18:56,385,BRIAN BEARD PLUMBING (200+RANK) GR5,7,RIGHT ABOVE IT,K. BURGER-TRUDGETT,4.80,2.50,6,WHAT'S HIS CAPER,J. STEMMER,-,1.30,1,NIMBLE NALA,J. WARD,-,-,4,LEKTRA BEAR,B. KINDER,-,-,"2,801","1,534",844,337,"2,001",992,153,-,6-7,7.60,7-6,15.50,7-6-1,74.30,7-6-1-4,258.50
11,19:19,385,TOP CAT VIDEO (200+RANK) GR5,8,HOT CRUISER,N. LAVELLE,5.40,2.20,7,KEHESTTO,G. GLEDHILL,-,4.70,6,BROLGA LASS,R. LYONS,-,-,2,MADAME DUGGIE,B. MERTON,-,-,"3,876","1,301",938,569,"2,316","1,966",-,-,7-8,14.20,8-7,26.90,8-7-6,92.50,8-7-6-2,745.20
0,15:12,515,WELCOME TO NEWCASTLE GREYS STKS GR5,3,BARBARESCO,D. THOMAS,1.60,1.04,1,FLYING ASPARAGUS,R. WRIGHT,-,2.40,8,CHICKIANO,B. SMOOTHY,-,2.20,7,PRECOAT,A. IVERS,-,-,"6,299","2,151","1,399",917,"5,302","4,632",37,507,1-3,9.90,3-1,9.20,3-1-8,48.70,3-1-8-7,191.10
1,15:27,515,FROM THE TRACK STAKES GR5,8,MANTON BLAZE,D. SANDERSON,28.70,5.20,6,THAT'S LIL COCO,T. BUTLER,-,6.80,3,IBROX CALYPSO,W. DANCE,-,3.00,4,POPS AND BUBBLES,S. HILL,-,-,"5,288","2,856","1,326","1,277","6,711","5,392",64,-,6-8,358.70,8-6,340.60,8-6-3,1722.20,"8-6-3-4
                                            Partial C/O","8358.60
                                            (3145.46)"
2,15:49,515,BISHOP COLLINS MAIDEN MDN,1,HELLO FERNANDO,L. ATCHISON,4.70,1.90,2,SPEED MACHINE,B. MAY,-,2.00,4,SAKEYNA,A. FOLEY,-,1.50,7,FLAK,T. HALLEY,-,-,"9,154","3,868","1,787",763,"6,463",24.9K,147,-,1-2,4.70,1-2,21.40,1-2-4,58.90,1-2-4-7,366.90
3,16:08,272,NEWCASTLE COMM. REFRIGERATION MDN MDN,5,JOHANSSON,P. AKERS,11.10,4.40,6,LUKE'S LAD,G. SATTLER,-,2.30,10,ARQUETTE (8),P. AKERS,-,3.00,1,PIPER ARCHER,P. AKERS,-,-,"3,859","1,230",752,415,"2,443","1,746",36,-,5-6,45.00,5-6,93.50,5-6-10,365.70,5-6-10-1,1713.00
4,16:28,400,AWESOME PROJECT MAIDEN MDN,4,KEG,J. PORTER,5.70,2.40,1,MISS GABRIELLE,L. ATCHISON,-,1.90,6,ANOTHER VUITTON,P. RODERICK,-,1.50,8,STELLAR STONE,P. MATTRESS,-,-,"2,329",964,521,196,"1,336",670,89,520,1-4,13.30,4-1,16.30,4-1-6,149.70,"4-1-6-8
                                            Partial C/O","1038.60
                                            (151.05)"
5,16:54,515,NO DONUTS MASTERS M2/M3,2,SEB ZARR MOONIE,W. DANCE,4.60,1.04,7,SKETCHY HALO,A. IVERS,-,3.20,8,RILEY TOKAAM,P. JOHNSTON,-,1.20,1,RACHEL'S DREAM,N. HOLLOWAY,-,-,"3,548","1,228","1,054",383,"2,210","3,023",22,-,2-7,20.30,2-7,54.80,2-7-8,150.20,2-7-8-1,440.30
6,17:15,400,WWW.DA-ICE.COM.AU STAKES GR5,3,ZIPPING PEPPER,J. MACKAY,3.70,1.04,7,ZIPPING LIZ,J. MACKAY,-,1.50,4,HALCYON PRINCESS,R. PATTERSON,-,3.40,10,ABBONDANZA DIXIE (6),R. NEVILLE,-,-,"1,647","1,056",619,210,"1,880","1,263",10,-,3-7,3.30,3-7,7.10,3-7-4,25.30,3-7-4-10,244.30
7,17:38,400,LADBROKES STAKES GR5,2,DAPHNE DIXIE,R. NEVILLE,3.00,1.10,3,ONE STRANGE DUDE,D. THOMAS,1.00,1.60,1,TIME VIOLATION,J. EDWARDS,-,1.70,6,HARP ON,C. WINDLE,-,-,"3,749","1,299","1,001",195,"2,440","1,786",20,-,2-3,7.00,"2-3
                                            3-2","9.60
                                            4.60","2-3-1
                                            3-2-1","45.70
                                            24.40","2-3-1-6
                                            3-2-1-6","332.90
                                            229.60"
8,18:03,272,KEYBOW @ STUD STAKES GR5,3,RUTHLESS ROBYN,G. KEDWELL,9.10,1.50,5,LIL BIT LOOPY,J. PORTER,-,2.10,8,AGNETHA,T. DONALDSON,-,1.04,4,STEVE SWORDFISH,A. IVERS,-,-,"2,079",909,323,199,922,536,32,-,"3-5
                                            3-8","11.00
                                            5.80","3-5
                                            3-8","20.50
                                            18.20","3-5-8
                                            3-8-5","45.50
                                            44.80","3-5-8-4
                                            3-8-5-4
                                            Partial C/O","416.10
                                            340.20
                                            (64.73)"
9,18:26,400,GRNSW PATHWAYS STAKES GR5,6,FOXY ALL OVER,G. DUNPHY,3.20,1.10,1,FELICIA BALE,L. HUTTON,-,3.60,5,LATENT ENERGY,G. DUNPHY,-,7.60,4,SAINT STORM,V. CASSAR,-,-,"2,854","1,185",526,190,"1,585","1,588",-,-,1-6,10.80,6-1,42.00,6-1-5,770.40,"6-1-5-4
                                            Partial C/O","2462.70
                                            (908.89)"
0,13:28,1050,HAPPY 21ST ASHTYN REEDY BENCHMARK 55 HANDICAP BM55 HCP,7,SWAN ISLAND,NICK KEAL (A),8.70,2.70,3,SPINNING SPIRIT,ALEX PATIS (A2.0),-,2.20,9,HIDDEN ACTION,JOSH OLIVER,-,6.50,2,MISS AMANDA,MINEHIKO SHIMODAIRA (A2.0),-,-,22.9K,"9,622","5,626","1,937",11.3K,"4,362",330,-,3-7,17.20,7-3,48.70,7-3-9,815.40,7-3-9-2,2343.00
1,14:08,1050,AUDI CENTRE TOOWOOMBA BENCHMARK 55 HANDICAP BM55 HCP,3,MOTOMISS,ANDREW MALLYON,1.60,1.30,10,BEACH CLUB,JASON TAYLOR,-,3.50,8,ZANAZOU,MATTHEW PALMER,-,5.90,9,GLENBAWNS DUTCHESS,MINEHIKO SHIMODAIRA (A2.0),-,-,"9,811","4,312","3,672","1,541","8,178","4,586",310,-,3-10,6.30,3-10,10.30,3-10-8,211.00,3-10-8-9,972.60
2,14:46,1210,SHANNON SIGN COMPANY BENCHMARK 60 HANDICAP BM60 HCP,6,OKANAGAN MISS,ALEX PATIS (A2.0),5.60,1.70,4,ZOU DER ZEE,MICHAEL CAHILL,-,3.40,3,COSSIE,CHRIS TAYLOR,-,1.50,2,LINE UP,NICK KEAL (A),-,-,25.9K,11.8K,"6,767","1,986",12.8K,"6,240",383,"4,189",4-6,67.10,6-4,92.10,6-4-3,668.30,6-4-3-2,2164.30
3,15:23,1210,MOCO BENCHMARK 60 HANDICAP BM60 HCP,2,BAREFOOT TYCOON,MICHAEL CAHILL,4.90,1.50,8,ABB ROY,MINEHIKO SHIMODAIRA (A2.0),-,2.20,5,IAMPAIDFOR,JARROD WOODHOUSE,-,3.70,7,WRITE THE RULES,EMMA LJUNG,-,-,20.8K,"7,074","5,830","2,891",15.3K,11.1K,629,-,2-8,16.10,2-8,27.70,2-8-5,444.40,2-8-5-7,1162.20
4,16:00,1870,VALE DAN O'NEILL BENCHMARK 55 HANDICAP BM55 HCP,2,BATTLE PLANE,ALEX PATIS (A2.0),5.90,2.00,6,CLEAR SAILING,EMMA LJUNG,-,2.70,4,DANNIWILLBREEZONBY,MATTHEW MCGILLIVRAY,-,1.04,8,STRONG DESIRE,KENJI YOSHIDA,-,-,22.2K,"9,583","4,896","1,853",11.6K,"7,197","1,181",-,2-6,13.40,2-6,22.50,2-6-4,64.60,2-6-4-8,511.10
5,16:40,1870,NEIL MANSELL CONCRETE BENCHMARK 55 HANDICAP BM55 HCP,9,TAKEITTOTHELIMIT,ANDREW MALLYON,1.80,1.04,6,BRUMBY JACK,MINEHIKO SHIMODAIRA (A2.0),-,3.70,8,MADAM MAHAL,NOZI TOMIZAWA,-,-,1,ALADINA (NZ),NATHAN FAZACKERLEY (A2.0),-,-,21.4K,"8,260","4,583","2,561",12.5K,10.6K,"1,058",-,6-9,7.20,9-6,9.40,9-6-8,74.80,9-6-8-1,221.90
6,17:15,870,FOCUS HR BENCHMARK 52 HANDICAP BM52 HCP,3,RUN THE CUTTER,SKYE BOGENHUBER,11.40,2.50,2,I AM COURAGE,JOSHUA MORROW (A3.0),-,2.40,1,BEWARE,ALEX PATIS (A2.0),-,2.00,6,GENG,MATTHEW MCGILLIVRAY,-,-,19.2K,"7,697","5,014","2,107",11.2K,"6,937",800,40.9K,2-3,25.70,3-2,47.80,3-2-1,151.00,3-2-1-6,449.90
7,17:45,870,TAB QTIS TWO-YEARS-OLD HANDICAP 2Y HCP,1,DAD'S LAD,MATTHEW MCGILLIVRAY,7.50,1.90,3,BLOODBLISTER,EMMA LJUNG,-,1.04,7,ELKA ELEVEN,ANDREW MALLYON,-,1.20,2,ALL GOOD MILLO,MATTHEW PALMER,-,-,20.1K,"6,358","7,214","2,706",17.4K,13.5K,"1,433",-,1-3,5.20,1-3,14.50,1-3-7,28.60,1-3-7-2,70.30
8,18:15,1210,CALTEX TOOWOOMBA MAIDEN PLATE MDN-SW,10,BLACKJACK ROSE,MICHAEL CAHILL,2.40,1.30,13,MYKISS FROMA ROSE (EM1),MONTANNA SAVVA (A3.0),-,5.10,3,TIGERPOWER (NZ),NICK KEAL (A),-,2.10,12,UNUSUAL AUNT,EMMA LJUNG,-,-,21K,"8,215","5,159","3,053",17.2K,"9,469","2,318",-,10-13,22.80,10-13,42.90,10-13-3,155.60,10-13-3-12,449.30
9,18:45,1210,CHARLTON TYRE SERVICE MAIDEN PLATE MDN-SW,4,CHARMACYS,ANDREW MALLYON,3.20,1.40,7,TO LOVE SOMEBODY,JOSH OLIVER,-,1.04,2,HARRYUP,BROOKE AINSWORTH,-,1.40,14,JUXTAPOSED (EM2),SKYE BOGENHUBER,-,-,17.8K,"6,962","4,367","2,502",14.8K,"9,135",-,-,4-7,4.30,4-7,9.50,4-7-2,20.70,4-7-2-14,81.70
0,20:45,2140,MONTELOPP 4UP RIDDEN,8,UNO PICCOLINO,CHRISTINA A HANDE,4.30,2.20,1,SEBASTIAN JOURNEY,SOFIA ADOLFSSON,-,1.50,3,GANDHI BOKO,JENNIFER PERSSON,-,3.90,"3,501",679,275,295,"2,174",3,-,-,1-8,20.50,8-1,27.20,8-1-3,117.00,8-7,Carryover
1,21:17,1640,FORDEL STON 3UP,7,HAGA MODDE,HAKAN PERSSON,3.60,1.90,6,TORPA PAL,RIKARD N SKOGLUND,-,1.30,12,GULI VINN,OVE A LINDQVIST,-,4.50,"4,323","1,451",667,435,"3,084",12,-,-,6-7,13.00,7-6,12.60,7-6-12,160.00,8-7,Carryover
2,21:42,2140,"DAMKLUBBENS UNGDOMSSERIE, AVD. 1 3UP",6,GIGARO AM,OSKAR FLORHED,8.10,2.60,1,CANKUS XPORT,MATS E DJUSE,-,1.70,3,NO BUSINESS,EMILIA LEO,-,2.30,"5,504","1,688",522,621,"3,950",28,113,-,1-6,12.20,6-1,32.10,6-1-3,152.70,7-6,Carryover
3,22:02,2140,"VINCENNES STOLOPP - STL DIAMANTSTOET, FORSOK 3 I MEETING 3 3UP SS",11,KARAMEL HILL,BJORN GOOP,2.20,1.80,9,GORGEOUS L.A.,HANNA OLOFSSON,-,5.90,8,CLEAR EYES,MAGNUS A DJUSE,-,12.40,"3,033",784,173,213,"2,013",29,-,-,9-11,36.90,11-9,65.50,11-9-8,1186.90,"6-11
                                            Partial C/O","45.60
                                            (21.53)"
4,22:26,2140,BERTH JOHANSSONS MEMORIAL - FEMARINGSLOPP 5UP,1,ATTRAVERSIAMO,ERIK ADIELSSON,1.70,1.00,6,MAXUS,ORJAN KIHLSTROM,-,3.90,4,STOLETHESHOW,RIKARD N SKOGLUND,-,1.50,"4,664","3,038",405,466,"3,409",41,-,-,1-6,7.80,1-6,11.00,1-6-4,50.30,11-1,Carryover
5,22:47,2140,"EASY LED - STL BRONSDIVISIONEN, FORSOK 3 I MEETING 3 FINAL 3UP",9,BETTER BOSS,IIKKA NURMONEN,1.80,1.70,11,MR CLAYTON J.F.,ORJAN KIHLSTROM,-,1.50,4,FINDUS M.,JENNY A BJORK,-,2.10,"4,921","1,259",590,684,"3,825",-,-,-,9-11,7.00,9-11,6.30,9-11-4,44.30,1-9,50.20
0,19:55,2140,BREDDLOPP 3UP,12,DEFIKO,JORGEN MELCHIOR,3.70,1.30,8,BESIM ZERO K.V.,CECILIA AHLBORG,-,1.30,6,MUSIC'S CLASSIC,JORGEN OSCARSSON,-,5.00,"2,623",785,377,128,"1,296",146,18,-,8-12,4.70,12-8,9.20,12-8-6,150.10,12-6,81.70
1,20:11,2140,BREDDLOPP 3UP,6,PIM PIM JOLI,CLAES SVENSSON,24.80,2.80,2,RED POND PHOENIX,WILLIAM EKBERG,-,2.30,12,NICI,ROGER JONSSON,-,15.20,"1,175",240,147,22,384,0,-,-,2-6,64.10,"6-2
                                            Partial C/O","36.00
                                            (6.00)","6-2-12
                                            Partial C/O","615.80
                                            (297.93)",12-6,81.70
2,20:27,2140,BREDDLOPP 3UP,5,D'AMORE,ANDERS KALLBERG,2.70,2.00,2,LILY DE LUNE,LINN STENSON,-,3.90,6,FUN KEE,KAJSA MAGNUSSON,-,3.10,"1,831",531,222,174,"2,405",0,-,-,2-5,19.40,5-2,46.50,5-2-6,216.30,6-5,0.00
3,20:46,2140,BREDDLOPP 3UP,9,QUANTUM CAPPUCCINO,ANN-SOFIE KRISTIANSSON,10.10,2.60,5,ELI MANNING,MIKAEL A LINDEROTH,-,1.50,7,MACGYVER,JAKOB SMITH,-,2.70,"1,463",393,250,96,"1,115",-,-,-,5-9,15.60,9-5,37.20,9-5-7,282.50,5-9,0.00
